TR001;BRGP00020;Neutrik Jack NC3FXX;0;2022-01-14
TR002;BRGP01811;Srexact Jack Stereo Mini SP110AM-G-C81-BK;0;2022-01-20
TR003;BRGP00021;Neutrik Jack NC3MXX;1;2022-01-27
TR004;BRGP00903;D Addario S/G Reguler EXL-120;1;2022-02-03
TR005;BRGP00021;Neutrik Jack NC3MXX;1;2022-02-08
TR006;BRGP00843;Focus Jack Mic Male GCA 700/N3P;1;2022-02-11
TR007;BRGP00899;D Addario S/G Acc. EJ-10 X-Lite;1;2022-02-17
TR008;BRGP01623;SREXACT Jack Male SVP555V-BK-PG;1;2022-02-18
TR009;BRGP01809;Srexact Jack Akai Mono SP102X-POG;1;2022-02-19
TR010;BRGP00021;Neutrik Jack NC3MXX;2;2022-02-26
TR011;BRGP01809;Srexact Jack Akai Mono SP102X-POG;1;2022-03-11
TR012;BRGP00021;Neutrik Jack NC3MXX;2;2022-03-12
TR013;BRGP00899;D Addario S/G Acc. EJ-10 X-Lite;1;2022-03-16
TR014;BRGP00921;Centurion CLED 543X RGBW;12;2022-04-02
TR015;BRGP01809;Srexact Jack Akai Mono SP102X-POG;2;2022-04-09
TR016;BRGP00899;D Addario S/G Acc. EJ-10 X-Lite;1;2022-04-11
TR017;BRGP00921;Centurion CLED 543X RGBW;12;2022-04-14
TR018;BRGP01621;SREXACT Jack RCA SP116G-C81-BK;2;2022-04-21
TR019;BRGP00021;Neutrik Jack NC3MXX;1;2022-05-09
TR020;BRGP01621;SREXACT Jack RCA SP116G-C81-BK;4;2022-05-13
TR021;BRGP01809;Srexact Jack Akai Mono SP102X-POG;4;2022-05-27
TR022;BRGP00021;Neutrik Jack NC3MXX;4;2022-05-28
TR023;BRGP00899;D Addario S/G Acc. EJ-10 X-Lite;1;2022-05-30
TR024;BRGP01623;SREXACT Jack Male SVP555V-BK-PG;2;2022-06-07
TR025;BRGP01809;Srexact Jack Akai Mono SP102X-POG;2;2022-06-27
TR026;BRGP00021;Neutrik Jack NC3MXX;3;2022-07-21
TR027;BRGP01809;Srexact Jack Akai Mono SP102X-POG;2;2022-07-26
TR028;BRGP00903;D Addario S/G Reguler EXL-120;1;2022-08-11
TR029;BRGP01809;Srexact Jack Akai Mono SP102X-POG;7;2022-08-12
TR030;BRGP01623;SREXACT Jack Male SVP555V-BK-PG;1;2022-08-24
TR031;BRGP01809;Srexact Jack Akai Mono SP102X-POG;6;2022-09-01
TR032;BRGP00021;Neutrik Jack NC3MXX;1;2022-09-07
TR033;BRGP01621;SREXACT Jack RCA SP116G-C81-BK;2;2022-09-08
TR034;BRGP01623;SREXACT Jack Male SVP555V-BK-PG;3;2022-09-12
TR035;BRGP01809;Srexact Jack Akai Mono SP102X-POG;4;2022-09-15
TR036;BRGP00021;Neutrik Jack NC3MXX;1;2022-10-01
TR037;BRGP00899;D Addario S/G Acc. EJ-10 X-Lite;1;2022-11-01
TR038;BRGP01623;SREXACT Jack Male SVP555V-BK-PG;6;2022-12-16
TR039;BRGP01809;Srexact Jack Akai Mono SP102X-POG;3;2022-12-20
TR040;BRGP01623;SREXACT Jack Male SVP555V-BK-PG;1;2022-12-21
TR041;BRGP00903;D Addario S/G Reguler EXL-120;1;2022-12-23
TR042;BRGP00021;Neutrik Jack NC3MXX;4;2022-12-29
TR043;BRGP00021;Neutrik Jack NC3MXX;2;2023-01-04
TR044;BRGP00682;Krezt Jack Speakon TSC-033;4;2023-01-05
TR045;BRGP01621;SREXACT Jack RCA SP116G-C81-BK;2;2023-02-01
TR046;BRGP01809;Srexact Jack Akai Mono SP102X-POG;2;2023-03-01
TR047;BRGP00021;Neutrik Jack NC3MXX;5;2023-04-01
TR048;BRGP00899;D Addario S/G Acc. EJ-10 X-Lite;2;2023-05-01
TR049;BRGP01621;SREXACT Jack RCA SP116G-C81-BK;2;2023-06-01
TR050;BRGP01809;Srexact Jack Akai Mono SP102X-POG;2;2023-07-01
TR051;BRGP00903;D Addario S/G Reguler EXL-120;2;2023-08-01
TR052;BRGP01621;SREXACT Jack RCA SP116G-C81-BK;4;2023-09-01
TR053;BRGP00021;Neutrik Jack NC3MXX;3;2023-10-01
TR054;BRGP00903;D Addario S/G Reguler EXL-120;1;2023-11-01
TR055;BRGP01809;Srexact Jack Akai Mono SP102X-POG;1;2023-12-21
TR056;BRGP00682;Krezt Jack Speakon TSC-033;0;2023-12-26
TR057;BRGP00843;Focus Jack Mic Male GCA 700/N3P;0;2023-12-27
TR058;BRGP00921;Centurion CLED 543X RGBW;0;2023-12-28
TR059;BRGP00021;Neutrik Jack NC3MXX;1;2024-01-12
TR060;BRGP00903;D Addario S/G Reguler EXL-120;1;2024-01-13
TR061;BRGP01621;SREXACT Jack RCA SP116G-C81-BK;2;02/02/2022
TR062;BRGP01623;SREXACT Jack Male SVP555V-BK-PG;7;02/02/2022
TR063;BRGP01809;Srexact Jack Akai Mono SP102X-POG;8;02/02/2022
TR064;BRGP00899;D Addario S/G Acc. EJ-10 X-Lite;1;03/02/2022
TR065;BRGP00021;Neutrik Jack NC3MXX;1;05/02/2022
TR066;BRGP01621;SREXACT Jack RCA SP116G-C81-BK;4;05/02/2022
TR067;BRGP00021;Neutrik Jack NC3MXX;16;07/02/2022
TR068;BRGP00903;D Addario S/G Reguler EXL-120;1;07/02/2022
TR069;BRGP01621;SREXACT Jack RCA SP116G-C81-BK;20;07/02/2022
TR070;BRGP01623;SREXACT Jack Male SVP555V-BK-PG;6;07/02/2022
TR071;BRGP00899;D Addario S/G Acc. EJ-10 X-Lite;1;08/02/2022
TR072;BRGP01809;Srexact Jack Akai Mono SP102X-POG;3;09/02/2022
TR073;BRGP00021;Neutrik Jack NC3MXX;2;10/02/2022
TR074;BRGP00903;D Addario S/G Reguler EXL-120;1;10/02/2022
TR075;BRGP01623;SREXACT Jack Male SVP555V-BK-PG;1;10/02/2022
TR076;BRGP00021;Neutrik Jack NC3MXX;1;11/02/2022
TR077;BRGP00899;D Addario S/G Acc. EJ-10 X-Lite;1;11/02/2022
TR078;BRGP01809;Srexact Jack Akai Mono SP102X-POG;2;11/02/2022
TR079;BRGP00903;D Addario S/G Reguler EXL-120;1;12/02/2022
TR080;BRGP01621;SREXACT Jack RCA SP116G-C81-BK;4;12/02/2022
TR081;BRGP01809;Srexact Jack Akai Mono SP102X-POG;2;12/02/2022
TR082;BRGP00020;Neutrik Jack NC3FXX;11;15/02/2022
TR083;BRGP00021;Neutrik Jack NC3MXX;10;15/02/2022
TR084;BRGP00020;Neutrik Jack NC3FXX;2;16/02/2022
TR085;BRGP00903;D Addario S/G Reguler EXL-120;1;16/02/2022
TR086;BRGP00899;D Addario S/G Acc. EJ-10 X-Lite;1;17/02/2022
TR087;BRGP01623;SREXACT Jack Male SVP555V-BK-PG;2;17/02/2022
TR088;BRGP01809;Srexact Jack Akai Mono SP102X-POG;7;17/02/2022
TR089;BRGP00020;Neutrik Jack NC3FXX;2;18/02/2022
TR090;BRGP00021;Neutrik Jack NC3MXX;2;18/02/2022
TR091;BRGP00899;D Addario S/G Acc. EJ-10 X-Lite;1;18/02/2022
TR092;BRGP01621;SREXACT Jack RCA SP116G-C81-BK;15;18/02/2022
TR093;BRGP01623;SREXACT Jack Male SVP555V-BK-PG;10;18/02/2022
TR094;BRGP01809;Srexact Jack Akai Mono SP102X-POG;4;18/02/2022
TR095;BRGP01811;Srexact Jack Stereo Mini SP110AM-G-C81-BK;5;18/02/2022
TR096;BRGP00899;D Addario S/G Acc. EJ-10 X-Lite;1;19/02/2022
TR097;BRGP00903;D Addario S/G Reguler EXL-120;1;19/02/2022
TR098;BRGP01809;Srexact Jack Akai Mono SP102X-POG;2;21/02/2022
TR099;BRGP00020;Neutrik Jack NC3FXX;1;23/02/2022
TR100;BRGP00903;D Addario S/G Reguler EXL-120;1;23/02/2022
TR101;BRGP00020;Neutrik Jack NC3FXX;2;25/02/2022
TR102;BRGP00021;Neutrik Jack NC3MXX;2;25/02/2022
TR103;BRGP01623;SREXACT Jack Male SVP555V-BK-PG;2;25/02/2022
TR104;BRGP01809;Srexact Jack Akai Mono SP102X-POG;2;25/02/2022
TR105;BRGP00899;D Addario S/G Acc. EJ-10 X-Lite;1;26/02/2022
TR106;BRGP00682;Krezt Jack Speakon TSC-033;0;01/03/2022
TR107;BRGP00843;Focus Jack Mic Male GCA 700/N3P;0;01/03/2022
TR108;BRGP00903;D Addario S/G Reguler EXL-120;1;04/03/2022
TR109;BRGP00921;Centurion CLED 543X RGBW;6;04/03/2022
TR110;BRGP01621;SREXACT Jack RCA SP116G-C81-BK;2;04/03/2022
TR111;BRGP01623;SREXACT Jack Male SVP555V-BK-PG;4;04/03/2022
TR112;BRGP01809;Srexact Jack Akai Mono SP102X-POG;4;04/03/2022
TR113;BRGP00020;Neutrik Jack NC3FXX;5;05/03/2022
TR114;BRGP00021;Neutrik Jack NC3MXX;5;05/03/2022
TR115;BRGP00903;D Addario S/G Reguler EXL-120;1;05/03/2022
TR116;BRGP01621;SREXACT Jack RCA SP116G-C81-BK;2;05/03/2022
TR117;BRGP01623;SREXACT Jack Male SVP555V-BK-PG;1;05/03/2022
TR118;BRGP01809;Srexact Jack Akai Mono SP102X-POG;2;05/03/2022
TR119;BRGP01811;Srexact Jack Stereo Mini SP110AM-G-C81-BK;1;05/03/2022
TR120;BRGP00020;Neutrik Jack NC3FXX;7;07/03/2022
TR121;BRGP00021;Neutrik Jack NC3MXX;4;07/03/2022
TR122;BRGP00903;D Addario S/G Reguler EXL-120;2;07/03/2022
TR123;BRGP01621;SREXACT Jack RCA SP116G-C81-BK;2;07/03/2022
TR124;BRGP01809;Srexact Jack Akai Mono SP102X-POG;2;08/03/2022
TR125;BRGP01623;SREXACT Jack Male SVP555V-BK-PG;3;09/03/2022
TR126;BRGP01809;Srexact Jack Akai Mono SP102X-POG;5;09/03/2022
TR127;BRGP00899;D Addario S/G Acc. EJ-10 X-Lite;2;11/03/2022
TR128;BRGP00899;D Addario S/G Acc. EJ-10 X-Lite;1;12/03/2022
TR129;BRGP01621;SREXACT Jack RCA SP116G-C81-BK;6;12/03/2022
TR130;BRGP01809;Srexact Jack Akai Mono SP102X-POG;4;12/03/2022
TR131;BRGP01621;SREXACT Jack RCA SP116G-C81-BK;2;15/03/2022
TR132;BRGP00899;D Addario S/G Acc. EJ-10 X-Lite;1;16/03/2022
TR133;BRGP00921;Centurion CLED 543X RGBW;1;16/03/2022
TR134;BRGP01621;SREXACT Jack RCA SP116G-C81-BK;2;16/03/2022
TR135;BRGP01809;Srexact Jack Akai Mono SP102X-POG;4;16/03/2022
TR136;BRGP00020;Neutrik Jack NC3FXX;4;18/03/2022
TR137;BRGP00021;Neutrik Jack NC3MXX;8;18/03/2022
TR138;BRGP01809;Srexact Jack Akai Mono SP102X-POG;3;18/03/2022
TR139;BRGP01811;Srexact Jack Stereo Mini SP110AM-G-C81-BK;1;19/03/2022
TR140;BRGP00020;Neutrik Jack NC3FXX;5;21/03/2022
TR141;BRGP00021;Neutrik Jack NC3MXX;5;21/03/2022
TR142;BRGP01809;Srexact Jack Akai Mono SP102X-POG;2;21/03/2022
TR143;BRGP00021;Neutrik Jack NC3MXX;1;22/03/2022
TR144;BRGP01809;Srexact Jack Akai Mono SP102X-POG;2;22/03/2022
TR145;BRGP01621;SREXACT Jack RCA SP116G-C81-BK;2;25/03/2022
TR146;BRGP01623;SREXACT Jack Male SVP555V-BK-PG;1;25/03/2022
TR147;BRGP01623;SREXACT Jack Male SVP555V-BK-PG;1;26/03/2022
TR148;BRGP01809;Srexact Jack Akai Mono SP102X-POG;7;26/03/2022
TR149;BRGP00921;Centurion CLED 543X RGBW;1;28/03/2022
TR150;BRGP00020;Neutrik Jack NC3FXX;4;30/03/2022
TR151;BRGP00021;Neutrik Jack NC3MXX;2;30/03/2022
TR152;BRGP01809;Srexact Jack Akai Mono SP102X-POG;1;31/03/2022
TR153;BRGP00021;Neutrik Jack NC3MXX;1;01/04/2022
TR154;BRGP00682;Krezt Jack Speakon TSC-033;4;01/04/2022
TR155;BRGP00843;Focus Jack Mic Male GCA 700/N3P;0;01/04/2022
TR156;BRGP00903;D Addario S/G Reguler EXL-120;0;01/04/2022
TR157;BRGP00921;Centurion CLED 543X RGBW;0;01/04/2022
TR158;BRGP00020;Neutrik Jack NC3FXX;2;02/04/2022
TR159;BRGP00021;Neutrik Jack NC3MXX;7;02/04/2022
TR160;BRGP00899;D Addario S/G Acc. EJ-10 X-Lite;1;02/04/2022
TR161;BRGP00020;Neutrik Jack NC3FXX;3;05/04/2022
TR162;BRGP00020;Neutrik Jack NC3FXX;2;06/04/2022
TR163;BRGP01621;SREXACT Jack RCA SP116G-C81-BK;2;07/04/2022
TR164;BRGP01809;Srexact Jack Akai Mono SP102X-POG;3;07/04/2022
TR165;BRGP00020;Neutrik Jack NC3FXX;4;08/04/2022
TR166;BRGP00899;D Addario S/G Acc. EJ-10 X-Lite;1;09/04/2022
TR167;BRGP01623;SREXACT Jack Male SVP555V-BK-PG;1;09/04/2022
TR168;BRGP01809;Srexact Jack Akai Mono SP102X-POG;1;09/04/2022
TR169;BRGP00899;D Addario S/G Acc. EJ-10 X-Lite;1;11/04/2022
TR170;BRGP01621;SREXACT Jack RCA SP116G-C81-BK;2;11/04/2022
TR171;BRGP01623;SREXACT Jack Male SVP555V-BK-PG;13;11/04/2022
TR172;BRGP00020;Neutrik Jack NC3FXX;2;12/04/2022
TR173;BRGP01621;SREXACT Jack RCA SP116G-C81-BK;1;12/04/2022
TR174;BRGP01809;Srexact Jack Akai Mono SP102X-POG;5;12/04/2022
TR175;BRGP01811;Srexact Jack Stereo Mini SP110AM-G-C81-BK;1;12/04/2022
TR176;BRGP01623;SREXACT Jack Male SVP555V-BK-PG;16;13/04/2022
TR177;BRGP01809;Srexact Jack Akai Mono SP102X-POG;2;13/04/2022
TR178;BRGP00020;Neutrik Jack NC3FXX;6;14/04/2022
TR179;BRGP00899;D Addario S/G Acc. EJ-10 X-Lite;1;14/04/2022
TR180;BRGP01621;SREXACT Jack RCA SP116G-C81-BK;2;14/04/2022
TR181;BRGP01623;SREXACT Jack Male SVP555V-BK-PG;3;16/04/2022
TR182;BRGP01809;Srexact Jack Akai Mono SP102X-POG;5;16/04/2022
TR183;BRGP00020;Neutrik Jack NC3FXX;2;18/04/2022
TR184;BRGP01621;SREXACT Jack RCA SP116G-C81-BK;14;20/04/2022
TR185;BRGP01623;SREXACT Jack Male SVP555V-BK-PG;4;20/04/2022
TR186;BRGP00020;Neutrik Jack NC3FXX;2;21/04/2022
TR187;BRGP00899;D Addario S/G Acc. EJ-10 X-Lite;1;21/04/2022
TR188;BRGP01623;SREXACT Jack Male SVP555V-BK-PG;4;21/04/2022
TR189;BRGP01621;SREXACT Jack RCA SP116G-C81-BK;4;23/04/2022
TR190;BRGP01623;SREXACT Jack Male SVP555V-BK-PG;2;25/04/2022
TR191;BRGP01809;Srexact Jack Akai Mono SP102X-POG;1;25/04/2022
TR192;BRGP00020;Neutrik Jack NC3FXX;27;26/04/2022
TR193;BRGP00682;Krezt Jack Speakon TSC-033;4;26/04/2022
TR194;BRGP01621;SREXACT Jack RCA SP116G-C81-BK;6;26/04/2022
TR195;BRGP01623;SREXACT Jack Male SVP555V-BK-PG;1;28/04/2022
TR196;BRGP00020;Neutrik Jack NC3FXX;5;29/04/2022
TR197;BRGP00021;Neutrik Jack NC3MXX;0;01/05/2022
TR198;BRGP00903;D Addario S/G Reguler EXL-120;0;01/05/2022
TR199;BRGP00843;Focus Jack Mic Male GCA 700/N3P;2;09/05/2022
TR200;BRGP00899;D Addario S/G Acc. EJ-10 X-Lite;1;09/05/2022
TR201;BRGP00921;Centurion CLED 543X RGBW;4;09/05/2022
TR202;BRGP01621;SREXACT Jack RCA SP116G-C81-BK;2;10/05/2022
TR203;BRGP01623;SREXACT Jack Male SVP555V-BK-PG;2;10/05/2022
TR204;BRGP00020;Neutrik Jack NC3FXX;5;11/05/2022
TR205;BRGP01621;SREXACT Jack RCA SP116G-C81-BK;3;11/05/2022
TR206;BRGP01623;SREXACT Jack Male SVP555V-BK-PG;2;11/05/2022
TR207;BRGP01809;Srexact Jack Akai Mono SP102X-POG;1;11/05/2022
TR208;BRGP00843;Focus Jack Mic Male GCA 700/N3P;4;13/05/2022
TR209;BRGP00899;D Addario S/G Acc. EJ-10 X-Lite;1;13/05/2022
TR210;BRGP00020;Neutrik Jack NC3FXX;1;14/05/2022
TR211;BRGP01623;SREXACT Jack Male SVP555V-BK-PG;10;14/05/2022
TR212;BRGP01623;SREXACT Jack Male SVP555V-BK-PG;6;18/05/2022
TR213;BRGP01809;Srexact Jack Akai Mono SP102X-POG;2;18/05/2022
TR214;BRGP00020;Neutrik Jack NC3FXX;1;20/05/2022
TR215;BRGP00682;Krezt Jack Speakon TSC-033;2;20/05/2022
TR216;BRGP01621;SREXACT Jack RCA SP116G-C81-BK;6;20/05/2022
TR217;BRGP01623;SREXACT Jack Male SVP555V-BK-PG;14;20/05/2022
TR218;BRGP01809;Srexact Jack Akai Mono SP102X-POG;7;20/05/2022
TR219;BRGP01811;Srexact Jack Stereo Mini SP110AM-G-C81-BK;2;20/05/2022
TR220;BRGP01623;SREXACT Jack Male SVP555V-BK-PG;2;23/05/2022
TR221;BRGP00020;Neutrik Jack NC3FXX;1;25/05/2022
TR222;BRGP00020;Neutrik Jack NC3FXX;3;27/05/2022
TR223;BRGP00899;D Addario S/G Acc. EJ-10 X-Lite;1;27/05/2022
TR224;BRGP00020;Neutrik Jack NC3FXX;4;28/05/2022
TR225;BRGP00899;D Addario S/G Acc. EJ-10 X-Lite;2;28/05/2022
TR226;BRGP01621;SREXACT Jack RCA SP116G-C81-BK;2;28/05/2022
TR227;BRGP00020;Neutrik Jack NC3FXX;1;30/05/2022
TR228;BRGP00899;D Addario S/G Acc. EJ-10 X-Lite;1;30/05/2022
TR229;BRGP01623;SREXACT Jack Male SVP555V-BK-PG;2;30/05/2022
TR230;BRGP00021;Neutrik Jack NC3MXX;0;01/06/2022
TR231;BRGP00903;D Addario S/G Reguler EXL-120;0;01/06/2022
TR232;BRGP00921;Centurion CLED 543X RGBW;0;01/06/2022
TR233;BRGP00682;Krezt Jack Speakon TSC-033;1;07/06/2022
TR234;BRGP00899;D Addario S/G Acc. EJ-10 X-Lite;1;07/06/2022
TR235;BRGP00020;Neutrik Jack NC3FXX;2;08/06/2022
TR236;BRGP00020;Neutrik Jack NC3FXX;1;10/06/2022
TR237;BRGP01623;SREXACT Jack Male SVP555V-BK-PG;2;10/06/2022
TR238;BRGP01809;Srexact Jack Akai Mono SP102X-POG;1;10/06/2022
TR239;BRGP01623;SREXACT Jack Male SVP555V-BK-PG;7;11/06/2022
TR240;BRGP01623;SREXACT Jack Male SVP555V-BK-PG;1;13/06/2022
TR241;BRGP01809;Srexact Jack Akai Mono SP102X-POG;1;13/06/2022
TR242;BRGP00020;Neutrik Jack NC3FXX;1;14/06/2022
TR243;BRGP01811;Srexact Jack Stereo Mini SP110AM-G-C81-BK;9;14/06/2022
TR244;BRGP01621;SREXACT Jack RCA SP116G-C81-BK;2;16/06/2022
TR245;BRGP01623;SREXACT Jack Male SVP555V-BK-PG;2;17/06/2022
TR246;BRGP01811;Srexact Jack Stereo Mini SP110AM-G-C81-BK;10;21/06/2022
TR247;BRGP01811;Srexact Jack Stereo Mini SP110AM-G-C81-BK;1;22/06/2022
TR248;BRGP01623;SREXACT Jack Male SVP555V-BK-PG;3;25/06/2022
TR249;BRGP01809;Srexact Jack Akai Mono SP102X-POG;2;25/06/2022
TR250;BRGP00843;Focus Jack Mic Male GCA 700/N3P;15;27/06/2022
TR251;BRGP00899;D Addario S/G Acc. EJ-10 X-Lite;1;27/06/2022
TR252;BRGP01809;Srexact Jack Akai Mono SP102X-POG;2;27/06/2022
TR253;BRGP01809;Srexact Jack Akai Mono SP102X-POG;1;28/06/2022
TR254;BRGP00843;Focus Jack Mic Male GCA 700/N3P;8;29/06/2022
TR255;BRGP01623;SREXACT Jack Male SVP555V-BK-PG;2;29/06/2022
TR256;BRGP00020;Neutrik Jack NC3FXX;0;01/07/2022
TR257;BRGP00021;Neutrik Jack NC3MXX;0;01/07/2022
TR258;BRGP00682;Krezt Jack Speakon TSC-033;0;01/07/2022
TR259;BRGP01623;SREXACT Jack Male SVP555V-BK-PG;5;01/07/2022
TR260;BRGP01809;Srexact Jack Akai Mono SP102X-POG;5;01/07/2022
TR261;BRGP01811;Srexact Jack Stereo Mini SP110AM-G-C81-BK;0;01/07/2022
TR262;BRGP00843;Focus Jack Mic Male GCA 700/N3P;5;04/07/2022
TR263;BRGP01623;SREXACT Jack Male SVP555V-BK-PG;2;04/07/2022
TR264;BRGP01623;SREXACT Jack Male SVP555V-BK-PG;1;05/07/2022
TR265;BRGP01809;Srexact Jack Akai Mono SP102X-POG;1;05/07/2022
TR266;BRGP01621;SREXACT Jack RCA SP116G-C81-BK;1;13/07/2022
TR267;BRGP01623;SREXACT Jack Male SVP555V-BK-PG;5;13/07/2022
TR268;BRGP01809;Srexact Jack Akai Mono SP102X-POG;2;13/07/2022
TR269;BRGP01623;SREXACT Jack Male SVP555V-BK-PG;2;18/07/2022
TR270;BRGP00843;Focus Jack Mic Male GCA 700/N3P;1;20/07/2022
TR271;BRGP00899;D Addario S/G Acc. EJ-10 X-Lite;1;21/07/2022
TR272;BRGP00903;D Addario S/G Reguler EXL-120;1;21/07/2022
TR273;BRGP00921;Centurion CLED 543X RGBW;9;21/07/2022
TR274;BRGP00903;D Addario S/G Reguler EXL-120;4;23/07/2022
TR275;BRGP01809;Srexact Jack Akai Mono SP102X-POG;1;23/07/2022
TR276;BRGP01809;Srexact Jack Akai Mono SP102X-POG;2;25/07/2022
TR277;BRGP00899;D Addario S/G Acc. EJ-10 X-Lite;1;26/07/2022
TR278;BRGP01621;SREXACT Jack RCA SP116G-C81-BK;1;26/07/2022
TR279;BRGP01623;SREXACT Jack Male SVP555V-BK-PG;10;27/07/2022
TR280;BRGP00843;Focus Jack Mic Male GCA 700/N3P;2;28/07/2022
TR281;BRGP01621;SREXACT Jack RCA SP116G-C81-BK;8;28/07/2022
TR282;BRGP00843;Focus Jack Mic Male GCA 700/N3P;5;03/08/2022
TR283;BRGP01621;SREXACT Jack RCA SP116G-C81-BK;2;03/08/2022
TR284;BRGP01809;Srexact Jack Akai Mono SP102X-POG;2;03/08/2022
TR285;BRGP01621;SREXACT Jack RCA SP116G-C81-BK;4;04/08/2022
TR286;BRGP00903;D Addario S/G Reguler EXL-120;1;05/08/2022
TR287;BRGP01623;SREXACT Jack Male SVP555V-BK-PG;2;05/08/2022
TR288;BRGP00020;Neutrik Jack NC3FXX;4;06/08/2022
TR289;BRGP00021;Neutrik Jack NC3MXX;4;06/08/2022
TR290;BRGP00903;D Addario S/G Reguler EXL-120;2;06/08/2022
TR291;BRGP01621;SREXACT Jack RCA SP116G-C81-BK;2;06/08/2022
TR292;BRGP01623;SREXACT Jack Male SVP555V-BK-PG;4;06/08/2022
TR293;BRGP00903;D Addario S/G Reguler EXL-120;1;08/08/2022
TR294;BRGP00921;Centurion CLED 543X RGBW;5;09/08/2022
TR295;BRGP01623;SREXACT Jack Male SVP555V-BK-PG;4;09/08/2022
TR296;BRGP00899;D Addario S/G Acc. EJ-10 X-Lite;1;11/08/2022
TR297;BRGP01623;SREXACT Jack Male SVP555V-BK-PG;4;11/08/2022
TR298;BRGP01809;Srexact Jack Akai Mono SP102X-POG;1;11/08/2022
TR299;BRGP00843;Focus Jack Mic Male GCA 700/N3P;1;12/08/2022
TR300;BRGP00899;D Addario S/G Acc. EJ-10 X-Lite;4;12/08/2022
TR301;BRGP01621;SREXACT Jack RCA SP116G-C81-BK;1;12/08/2022
TR302;BRGP01621;SREXACT Jack RCA SP116G-C81-BK;2;13/08/2022
TR303;BRGP00921;Centurion CLED 543X RGBW;6;15/08/2022
TR304;BRGP01621;SREXACT Jack RCA SP116G-C81-BK;2;16/08/2022
TR305;BRGP01809;Srexact Jack Akai Mono SP102X-POG;2;16/08/2022
TR306;BRGP00903;D Addario S/G Reguler EXL-120;1;18/08/2022
TR307;BRGP01811;Srexact Jack Stereo Mini SP110AM-G-C81-BK;1;18/08/2022
TR308;BRGP00843;Focus Jack Mic Male GCA 700/N3P;2;19/08/2022
TR309;BRGP01811;Srexact Jack Stereo Mini SP110AM-G-C81-BK;1;19/08/2022
TR310;BRGP01623;SREXACT Jack Male SVP555V-BK-PG;3;20/08/2022
TR311;BRGP01623;SREXACT Jack Male SVP555V-BK-PG;29;23/08/2022
TR312;BRGP01809;Srexact Jack Akai Mono SP102X-POG;10;23/08/2022
TR313;BRGP00899;D Addario S/G Acc. EJ-10 X-Lite;1;24/08/2022
TR314;BRGP01623;SREXACT Jack Male SVP555V-BK-PG;9;24/08/2022
TR315;BRGP01809;Srexact Jack Akai Mono SP102X-POG;4;24/08/2022
TR316;BRGP01811;Srexact Jack Stereo Mini SP110AM-G-C81-BK;1;24/08/2022
TR317;BRGP01809;Srexact Jack Akai Mono SP102X-POG;1;25/08/2022
TR318;BRGP00682;Krezt Jack Speakon TSC-033;2;27/08/2022
TR319;BRGP01623;SREXACT Jack Male SVP555V-BK-PG;10;29/08/2022
TR320;BRGP01811;Srexact Jack Stereo Mini SP110AM-G-C81-BK;1;29/08/2022
TR321;BRGP01621;SREXACT Jack RCA SP116G-C81-BK;8;31/08/2022
TR322;BRGP01809;Srexact Jack Akai Mono SP102X-POG;9;31/08/2022
TR323;BRGP00899;D Addario S/G Acc. EJ-10 X-Lite;1;01/09/2022
TR324;BRGP01809;Srexact Jack Akai Mono SP102X-POG;4;01/09/2022
TR325;BRGP00020;Neutrik Jack NC3FXX;4;02/09/2022
TR326;BRGP00021;Neutrik Jack NC3MXX;4;02/09/2022
TR327;BRGP00921;Centurion CLED 543X RGBW;1;02/09/2022
TR328;BRGP00903;D Addario S/G Reguler EXL-120;3;03/09/2022
TR329;BRGP00682;Krezt Jack Speakon TSC-033;30;05/09/2022
TR330;BRGP00903;D Addario S/G Reguler EXL-120;1;06/09/2022
TR331;BRGP01623;SREXACT Jack Male SVP555V-BK-PG;2;06/09/2022
TR332;BRGP00899;D Addario S/G Acc. EJ-10 X-Lite;1;07/09/2022
TR333;BRGP01809;Srexact Jack Akai Mono SP102X-POG;1;07/09/2022
TR334;BRGP00899;D Addario S/G Acc. EJ-10 X-Lite;1;08/09/2022
TR335;BRGP00903;D Addario S/G Reguler EXL-120;2;09/09/2022
TR336;BRGP00921;Centurion CLED 543X RGBW;5;09/09/2022
TR337;BRGP01621;SREXACT Jack RCA SP116G-C81-BK;1;09/09/2022
TR338;BRGP01809;Srexact Jack Akai Mono SP102X-POG;2;09/09/2022
TR339;BRGP00682;Krezt Jack Speakon TSC-033;2;10/09/2022
TR340;BRGP01809;Srexact Jack Akai Mono SP102X-POG;2;10/09/2022
TR341;BRGP01811;Srexact Jack Stereo Mini SP110AM-G-C81-BK;1;10/09/2022
TR342;BRGP00899;D Addario S/G Acc. EJ-10 X-Lite;1;12/09/2022
TR343;BRGP01621;SREXACT Jack RCA SP116G-C81-BK;2;13/09/2022
TR344;BRGP01623;SREXACT Jack Male SVP555V-BK-PG;2;13/09/2022
TR345;BRGP01809;Srexact Jack Akai Mono SP102X-POG;2;13/09/2022
TR346;BRGP01809;Srexact Jack Akai Mono SP102X-POG;1;14/09/2022
TR347;BRGP00899;D Addario S/G Acc. EJ-10 X-Lite;1;15/09/2022
TR348;BRGP01623;SREXACT Jack Male SVP555V-BK-PG;13;15/09/2022
TR349;BRGP01809;Srexact Jack Akai Mono SP102X-POG;2;15/09/2022
TR350;BRGP00903;D Addario S/G Reguler EXL-120;3;16/09/2022
TR351;BRGP01809;Srexact Jack Akai Mono SP102X-POG;3;16/09/2022
TR352;BRGP01621;SREXACT Jack RCA SP116G-C81-BK;2;17/09/2022
TR353;BRGP01809;Srexact Jack Akai Mono SP102X-POG;4;17/09/2022
TR354;BRGP00843;Focus Jack Mic Male GCA 700/N3P;3;21/09/2022
TR355;BRGP01809;Srexact Jack Akai Mono SP102X-POG;2;21/09/2022
TR356;BRGP01621;SREXACT Jack RCA SP116G-C81-BK;6;22/09/2022
TR357;BRGP01809;Srexact Jack Akai Mono SP102X-POG;2;22/09/2022
TR358;BRGP00682;Krezt Jack Speakon TSC-033;4;23/09/2022
TR359;BRGP01621;SREXACT Jack RCA SP116G-C81-BK;20;23/09/2022
TR360;BRGP01809;Srexact Jack Akai Mono SP102X-POG;3;23/09/2022
TR361;BRGP01621;SREXACT Jack RCA SP116G-C81-BK;2;24/09/2022
TR362;BRGP01621;SREXACT Jack RCA SP116G-C81-BK;3;26/09/2022
TR363;BRGP00682;Krezt Jack Speakon TSC-033;4;30/09/2022
TR364;BRGP01811;Srexact Jack Stereo Mini SP110AM-G-C81-BK;1;30/09/2022
TR365;BRGP00682;Krezt Jack Speakon TSC-033;0;01/10/2022
TR366;BRGP00899;D Addario S/G Acc. EJ-10 X-Lite;0;01/10/2022
TR367;BRGP01621;SREXACT Jack RCA SP116G-C81-BK;2;01/10/2022
TR368;BRGP01809;Srexact Jack Akai Mono SP102X-POG;4;05/10/2022
TR369;BRGP00020;Neutrik Jack NC3FXX;15;07/10/2022
TR370;BRGP00021;Neutrik Jack NC3MXX;15;07/10/2022
TR371;BRGP01811;Srexact Jack Stereo Mini SP110AM-G-C81-BK;3;07/10/2022
TR372;BRGP00020;Neutrik Jack NC3FXX;2;10/10/2022
TR373;BRGP00021;Neutrik Jack NC3MXX;2;10/10/2022
TR374;BRGP01809;Srexact Jack Akai Mono SP102X-POG;2;10/10/2022
TR375;BRGP01811;Srexact Jack Stereo Mini SP110AM-G-C81-BK;4;10/10/2022
TR376;BRGP00021;Neutrik Jack NC3MXX;20;11/10/2022
TR377;BRGP00903;D Addario S/G Reguler EXL-120;1;11/10/2022
TR378;BRGP01809;Srexact Jack Akai Mono SP102X-POG;6;12/10/2022
TR379;BRGP00020;Neutrik Jack NC3FXX;3;14/10/2022
TR380;BRGP00021;Neutrik Jack NC3MXX;1;14/10/2022
TR381;BRGP01809;Srexact Jack Akai Mono SP102X-POG;2;14/10/2022
TR382;BRGP00021;Neutrik Jack NC3MXX;1;15/10/2022
TR383;BRGP00921;Centurion CLED 543X RGBW;4;15/10/2022
TR384;BRGP01809;Srexact Jack Akai Mono SP102X-POG;2;15/10/2022
TR385;BRGP01811;Srexact Jack Stereo Mini SP110AM-G-C81-BK;1;15/10/2022
TR386;BRGP00020;Neutrik Jack NC3FXX;1;17/10/2022
TR387;BRGP00021;Neutrik Jack NC3MXX;1;17/10/2022
TR388;BRGP00843;Focus Jack Mic Male GCA 700/N3P;1;18/10/2022
TR389;BRGP00843;Focus Jack Mic Male GCA 700/N3P;7;20/10/2022
TR390;BRGP00921;Centurion CLED 543X RGBW;8;20/10/2022
TR391;BRGP01623;SREXACT Jack Male SVP555V-BK-PG;2;20/10/2022
TR392;BRGP01809;Srexact Jack Akai Mono SP102X-POG;14;20/10/2022
TR393;BRGP00843;Focus Jack Mic Male GCA 700/N3P;5;21/10/2022
TR394;BRGP00020;Neutrik Jack NC3FXX;5;24/10/2022
TR395;BRGP00021;Neutrik Jack NC3MXX;5;24/10/2022
TR396;BRGP00020;Neutrik Jack NC3FXX;12;25/10/2022
TR397;BRGP00021;Neutrik Jack NC3MXX;10;25/10/2022
TR398;BRGP01809;Srexact Jack Akai Mono SP102X-POG;8;25/10/2022
TR399;BRGP00020;Neutrik Jack NC3FXX;3;26/10/2022
TR400;BRGP00021;Neutrik Jack NC3MXX;1;26/10/2022
TR401;BRGP00020;Neutrik Jack NC3FXX;3;27/10/2022
TR402;BRGP00021;Neutrik Jack NC3MXX;3;27/10/2022
TR403;BRGP00020;Neutrik Jack NC3FXX;10;28/10/2022
TR404;BRGP00021;Neutrik Jack NC3MXX;10;28/10/2022
TR405;BRGP00020;Neutrik Jack NC3FXX;2;29/10/2022
TR406;BRGP00021;Neutrik Jack NC3MXX;2;29/10/2022
TR407;BRGP01809;Srexact Jack Akai Mono SP102X-POG;2;29/10/2022
TR408;BRGP00020;Neutrik Jack NC3FXX;4;01/11/2022
TR409;BRGP00021;Neutrik Jack NC3MXX;4;01/11/2022
TR410;BRGP00899;D Addario S/G Acc. EJ-10 X-Lite;0;01/11/2022
TR411;BRGP00903;D Addario S/G Reguler EXL-120;0;01/11/2022
TR412;BRGP01623;SREXACT Jack Male SVP555V-BK-PG;0;01/11/2022
TR413;BRGP01811;Srexact Jack Stereo Mini SP110AM-G-C81-BK;1;02/11/2022
TR414;BRGP00020;Neutrik Jack NC3FXX;1;03/11/2022
TR415;BRGP00021;Neutrik Jack NC3MXX;1;03/11/2022
TR416;BRGP01809;Srexact Jack Akai Mono SP102X-POG;1;04/11/2022
TR417;BRGP01811;Srexact Jack Stereo Mini SP110AM-G-C81-BK;1;04/11/2022
TR418;BRGP01621;SREXACT Jack RCA SP116G-C81-BK;2;09/11/2022
TR419;BRGP00843;Focus Jack Mic Male GCA 700/N3P;1;10/11/2022
TR420;BRGP00843;Focus Jack Mic Male GCA 700/N3P;10;11/11/2022
TR421;BRGP01809;Srexact Jack Akai Mono SP102X-POG;1;12/11/2022
TR422;BRGP01809;Srexact Jack Akai Mono SP102X-POG;1;14/11/2022
TR423;BRGP00921;Centurion CLED 543X RGBW;2;16/11/2022
TR424;BRGP00921;Centurion CLED 543X RGBW;12;18/11/2022
TR425;BRGP00921;Centurion CLED 543X RGBW;7;22/11/2022
TR426;BRGP00843;Focus Jack Mic Male GCA 700/N3P;1;25/11/2022
TR427;BRGP01809;Srexact Jack Akai Mono SP102X-POG;2;25/11/2022
TR428;BRGP01809;Srexact Jack Akai Mono SP102X-POG;3;26/11/2022
TR429;BRGP01621;SREXACT Jack RCA SP116G-C81-BK;2;29/11/2022
TR430;BRGP00682;Krezt Jack Speakon TSC-033;2;30/11/2022
TR431;BRGP00843;Focus Jack Mic Male GCA 700/N3P;2;30/11/2022
TR432;BRGP01621;SREXACT Jack RCA SP116G-C81-BK;2;30/11/2022
TR433;BRGP01809;Srexact Jack Akai Mono SP102X-POG;7;30/11/2022
TR434;BRGP00921;Centurion CLED 543X RGBW;3;01/12/2022
TR435;BRGP01621;SREXACT Jack RCA SP116G-C81-BK;4;01/12/2022
TR436;BRGP01809;Srexact Jack Akai Mono SP102X-POG;1;01/12/2022
TR437;BRGP00843;Focus Jack Mic Male GCA 700/N3P;3;02/12/2022
TR438;BRGP01623;SREXACT Jack Male SVP555V-BK-PG;7;05/12/2022
TR439;BRGP01809;Srexact Jack Akai Mono SP102X-POG;2;05/12/2022
TR440;BRGP01809;Srexact Jack Akai Mono SP102X-POG;2;06/12/2022
TR441;BRGP00921;Centurion CLED 543X RGBW;5;07/12/2022
TR442;BRGP00921;Centurion CLED 543X RGBW;3;08/12/2022
TR443;BRGP01621;SREXACT Jack RCA SP116G-C81-BK;4;09/12/2022
TR444;BRGP01811;Srexact Jack Stereo Mini SP110AM-G-C81-BK;3;09/12/2022
TR445;BRGP00921;Centurion CLED 543X RGBW;10;10/12/2022
TR446;BRGP00682;Krezt Jack Speakon TSC-033;6;13/12/2022
TR447;BRGP01811;Srexact Jack Stereo Mini SP110AM-G-C81-BK;12;13/12/2022
TR448;BRGP01811;Srexact Jack Stereo Mini SP110AM-G-C81-BK;2;14/12/2022
TR449;BRGP00020;Neutrik Jack NC3FXX;2;15/12/2022
TR450;BRGP00021;Neutrik Jack NC3MXX;2;15/12/2022
TR451;BRGP00843;Focus Jack Mic Male GCA 700/N3P;1;15/12/2022
TR452;BRGP01811;Srexact Jack Stereo Mini SP110AM-G-C81-BK;9;15/12/2022
TR453;BRGP00899;D Addario S/G Acc. EJ-10 X-Lite;1;16/12/2022
TR454;BRGP01811;Srexact Jack Stereo Mini SP110AM-G-C81-BK;11;16/12/2022
TR455;BRGP00682;Krezt Jack Speakon TSC-033;6;17/12/2022
TR456;BRGP01621;SREXACT Jack RCA SP116G-C81-BK;2;17/12/2022
TR457;BRGP01621;SREXACT Jack RCA SP116G-C81-BK;2;19/12/2022
TR458;BRGP01623;SREXACT Jack Male SVP555V-BK-PG;2;19/12/2022
TR459;BRGP01811;Srexact Jack Stereo Mini SP110AM-G-C81-BK;4;19/12/2022
TR460;BRGP00899;D Addario S/G Acc. EJ-10 X-Lite;1;20/12/2022
TR461;BRGP00903;D Addario S/G Reguler EXL-120;2;20/12/2022
TR462;BRGP01621;SREXACT Jack RCA SP116G-C81-BK;4;20/12/2022
TR463;BRGP01811;Srexact Jack Stereo Mini SP110AM-G-C81-BK;14;20/12/2022
TR464;BRGP00843;Focus Jack Mic Male GCA 700/N3P;10;21/12/2022
TR465;BRGP00899;D Addario S/G Acc. EJ-10 X-Lite;4;21/12/2022
TR466;BRGP01811;Srexact Jack Stereo Mini SP110AM-G-C81-BK;10;21/12/2022
TR467;BRGP00903;D Addario S/G Reguler EXL-120;1;22/12/2022
TR468;BRGP00899;D Addario S/G Acc. EJ-10 X-Lite;1;23/12/2022
TR469;BRGP01811;Srexact Jack Stereo Mini SP110AM-G-C81-BK;4;24/12/2022
TR470;BRGP00903;D Addario S/G Reguler EXL-120;1;26/12/2022
TR471;BRGP00843;Focus Jack Mic Male GCA 700/N3P;2;27/12/2022
TR472;BRGP01811;Srexact Jack Stereo Mini SP110AM-G-C81-BK;1;28/12/2022
TR473;BRGP00843;Focus Jack Mic Male GCA 700/N3P;2;29/12/2022
TR474;BRGP00899;D Addario S/G Acc. EJ-10 X-Lite;1;29/12/2022
TR475;BRGP01811;Srexact Jack Stereo Mini SP110AM-G-C81-BK;1;29/12/2022
TR476;BRGP00903;D Addario S/G Reguler EXL-120;1;30/12/2022
TR477;BRGP01811;Srexact Jack Stereo Mini SP110AM-G-C81-BK;3;30/12/2022
TR478;BRGP01811;Srexact Jack Stereo Mini SP110AM-G-C81-BK;1;31/12/2022
TR479;BRGP00682;Krezt Jack Speakon TSC-033;0;01/01/2023
TR480;BRGP01623;SREXACT Jack Male SVP555V-BK-PG;0;01/01/2023
TR481;BRGP00843;Focus Jack Mic Male GCA 700/N3P;5;03/01/2023
TR482;BRGP00903;D Addario S/G Reguler EXL-120;2;03/01/2023
TR483;BRGP01809;Srexact Jack Akai Mono SP102X-POG;1;03/01/2023
TR484;BRGP00899;D Addario S/G Acc. EJ-10 X-Lite;1;04/01/2023
TR485;BRGP00903;D Addario S/G Reguler EXL-120;1;04/01/2023
TR486;BRGP01809;Srexact Jack Akai Mono SP102X-POG;1;04/01/2023
TR487;BRGP00899;D Addario S/G Acc. EJ-10 X-Lite;1;05/01/2023
TR488;BRGP01809;Srexact Jack Akai Mono SP102X-POG;8;05/01/2023
TR489;BRGP01811;Srexact Jack Stereo Mini SP110AM-G-C81-BK;1;05/01/2023
TR490;BRGP00921;Centurion CLED 543X RGBW;2;06/01/2023
TR491;BRGP01621;SREXACT Jack RCA SP116G-C81-BK;2;10/01/2023
TR492;BRGP01621;SREXACT Jack RCA SP116G-C81-BK;2;11/01/2023
TR493;BRGP01621;SREXACT Jack RCA SP116G-C81-BK;2;16/01/2023
TR494;BRGP00020;Neutrik Jack NC3FXX;2;17/01/2023
TR495;BRGP01809;Srexact Jack Akai Mono SP102X-POG;8;17/01/2023
TR496;BRGP00020;Neutrik Jack NC3FXX;2;18/01/2023
TR497;BRGP00843;Focus Jack Mic Male GCA 700/N3P;2;18/01/2023
TR498;BRGP01809;Srexact Jack Akai Mono SP102X-POG;6;18/01/2023
TR499;BRGP00020;Neutrik Jack NC3FXX;4;19/01/2023
TR500;BRGP01621;SREXACT Jack RCA SP116G-C81-BK;2;20/01/2023
TR501;BRGP01809;Srexact Jack Akai Mono SP102X-POG;2;20/01/2023
TR502;BRGP01811;Srexact Jack Stereo Mini SP110AM-G-C81-BK;1;20/01/2023
TR503;BRGP00020;Neutrik Jack NC3FXX;3;21/01/2023
TR504;BRGP01621;SREXACT Jack RCA SP116G-C81-BK;4;23/01/2023
TR505;BRGP00020;Neutrik Jack NC3FXX;4;24/01/2023
TR506;BRGP00021;Neutrik Jack NC3MXX;8;24/01/2023
TR507;BRGP01621;SREXACT Jack RCA SP116G-C81-BK;3;24/01/2023
TR508;BRGP00020;Neutrik Jack NC3FXX;10;25/01/2023
TR509;BRGP00021;Neutrik Jack NC3MXX;10;25/01/2023
TR510;BRGP00843;Focus Jack Mic Male GCA 700/N3P;4;25/01/2023
TR511;BRGP00020;Neutrik Jack NC3FXX;1;26/01/2023
TR512;BRGP00021;Neutrik Jack NC3MXX;1;26/01/2023
TR513;BRGP00020;Neutrik Jack NC3FXX;3;27/01/2023
TR514;BRGP00021;Neutrik Jack NC3MXX;3;27/01/2023
TR515;BRGP00903;D Addario S/G Reguler EXL-120;1;27/01/2023
TR516;BRGP00020;Neutrik Jack NC3FXX;2;31/01/2023
TR517;BRGP00021;Neutrik Jack NC3MXX;2;31/01/2023
TR518;BRGP00020;Neutrik Jack NC3FXX;0;01/02/2023
TR519;BRGP00021;Neutrik Jack NC3MXX;2;01/02/2023
TR520;BRGP00899;D Addario S/G Acc. EJ-10 X-Lite;0;01/02/2023
TR521;BRGP00903;D Addario S/G Reguler EXL-120;0;01/02/2023
TR522;BRGP00921;Centurion CLED 543X RGBW;0;01/02/2023
TR523;BRGP01623;SREXACT Jack Male SVP555V-BK-PG;0;01/02/2023
TR524;BRGP01809;Srexact Jack Akai Mono SP102X-POG;4;02/02/2023
TR525;BRGP01811;Srexact Jack Stereo Mini SP110AM-G-C81-BK;1;02/02/2023
TR526;BRGP01809;Srexact Jack Akai Mono SP102X-POG;2;03/02/2023
TR527;BRGP01809;Srexact Jack Akai Mono SP102X-POG;2;04/02/2023
TR528;BRGP01621;SREXACT Jack RCA SP116G-C81-BK;1;06/02/2023
TR529;BRGP01809;Srexact Jack Akai Mono SP102X-POG;1;06/02/2023
TR530;BRGP00843;Focus Jack Mic Male GCA 700/N3P;2;07/02/2023
TR531;BRGP01809;Srexact Jack Akai Mono SP102X-POG;2;07/02/2023
TR532;BRGP01621;SREXACT Jack RCA SP116G-C81-BK;1;08/02/2023
TR533;BRGP01809;Srexact Jack Akai Mono SP102X-POG;2;08/02/2023
TR534;BRGP01621;SREXACT Jack RCA SP116G-C81-BK;2;11/02/2023
TR535;BRGP00682;Krezt Jack Speakon TSC-033;6;13/02/2023
TR536;BRGP01809;Srexact Jack Akai Mono SP102X-POG;1;13/02/2023
TR537;BRGP01621;SREXACT Jack RCA SP116G-C81-BK;4;15/02/2023
TR538;BRGP01809;Srexact Jack Akai Mono SP102X-POG;1;15/02/2023
TR539;BRGP01809;Srexact Jack Akai Mono SP102X-POG;1;17/02/2023
TR540;BRGP01621;SREXACT Jack RCA SP116G-C81-BK;2;20/02/2023
TR541;BRGP01809;Srexact Jack Akai Mono SP102X-POG;2;20/02/2023
TR542;BRGP01809;Srexact Jack Akai Mono SP102X-POG;1;21/02/2023
TR543;BRGP01809;Srexact Jack Akai Mono SP102X-POG;1;23/02/2023
TR544;BRGP01809;Srexact Jack Akai Mono SP102X-POG;1;28/02/2023
TR545;BRGP00020;Neutrik Jack NC3FXX;0;01/03/2023
TR546;BRGP00021;Neutrik Jack NC3MXX;0;01/03/2023
TR547;BRGP00843;Focus Jack Mic Male GCA 700/N3P;0;01/03/2023
TR548;BRGP00899;D Addario S/G Acc. EJ-10 X-Lite;0;01/03/2023
TR549;BRGP00903;D Addario S/G Reguler EXL-120;0;01/03/2023
TR550;BRGP00921;Centurion CLED 543X RGBW;0;01/03/2023
TR551;BRGP01623;SREXACT Jack Male SVP555V-BK-PG;0;01/03/2023
TR552;BRGP00682;Krezt Jack Speakon TSC-033;1;02/03/2023
TR553;BRGP01621;SREXACT Jack RCA SP116G-C81-BK;3;03/03/2023
TR554;BRGP01809;Srexact Jack Akai Mono SP102X-POG;1;03/03/2023
TR555;BRGP01811;Srexact Jack Stereo Mini SP110AM-G-C81-BK;2;10/03/2023
TR556;BRGP01809;Srexact Jack Akai Mono SP102X-POG;10;11/03/2023
TR557;BRGP01809;Srexact Jack Akai Mono SP102X-POG;2;13/03/2023
TR558;BRGP01621;SREXACT Jack RCA SP116G-C81-BK;2;14/03/2023
TR559;BRGP01809;Srexact Jack Akai Mono SP102X-POG;4;14/03/2023
TR560;BRGP01809;Srexact Jack Akai Mono SP102X-POG;1;15/03/2023
TR561;BRGP01621;SREXACT Jack RCA SP116G-C81-BK;1;17/03/2023
TR562;BRGP01621;SREXACT Jack RCA SP116G-C81-BK;2;18/03/2023
TR563;BRGP01809;Srexact Jack Akai Mono SP102X-POG;1;20/03/2023
TR564;BRGP01809;Srexact Jack Akai Mono SP102X-POG;2;21/03/2023
TR565;BRGP01621;SREXACT Jack RCA SP116G-C81-BK;4;25/03/2023
TR566;BRGP01809;Srexact Jack Akai Mono SP102X-POG;1;25/03/2023
TR567;BRGP01621;SREXACT Jack RCA SP116G-C81-BK;6;27/03/2023
TR568;BRGP01809;Srexact Jack Akai Mono SP102X-POG;1;29/03/2023
TR569;BRGP00020;Neutrik Jack NC3FXX;0;01/04/2023
TR570;BRGP00021;Neutrik Jack NC3MXX;0;01/04/2023
TR571;BRGP00843;Focus Jack Mic Male GCA 700/N3P;0;01/04/2023
TR572;BRGP00899;D Addario S/G Acc. EJ-10 X-Lite;0;01/04/2023
TR573;BRGP00903;D Addario S/G Reguler EXL-120;0;01/04/2023
TR574;BRGP00921;Centurion CLED 543X RGBW;4;01/04/2023
TR575;BRGP01623;SREXACT Jack Male SVP555V-BK-PG;0;01/04/2023
TR576;BRGP01809;Srexact Jack Akai Mono SP102X-POG;2;04/04/2023
TR577;BRGP01809;Srexact Jack Akai Mono SP102X-POG;8;05/04/2023
TR578;BRGP01809;Srexact Jack Akai Mono SP102X-POG;5;06/04/2023
TR579;BRGP00682;Krezt Jack Speakon TSC-033;4;08/04/2023
TR580;BRGP01621;SREXACT Jack RCA SP116G-C81-BK;2;08/04/2023
TR581;BRGP01811;Srexact Jack Stereo Mini SP110AM-G-C81-BK;1;08/04/2023
TR582;BRGP01809;Srexact Jack Akai Mono SP102X-POG;2;10/04/2023
TR583;BRGP01621;SREXACT Jack RCA SP116G-C81-BK;2;11/04/2023
TR584;BRGP01809;Srexact Jack Akai Mono SP102X-POG;2;11/04/2023
TR585;BRGP01621;SREXACT Jack RCA SP116G-C81-BK;18;14/04/2023
TR586;BRGP01621;SREXACT Jack RCA SP116G-C81-BK;2;18/04/2023
TR587;BRGP01809;Srexact Jack Akai Mono SP102X-POG;3;20/04/2023
TR588;BRGP01811;Srexact Jack Stereo Mini SP110AM-G-C81-BK;1;20/04/2023
TR589;BRGP00020;Neutrik Jack NC3FXX;0;01/05/2023
TR590;BRGP00021;Neutrik Jack NC3MXX;0;01/05/2023
TR591;BRGP00682;Krezt Jack Speakon TSC-033;0;01/05/2023
TR592;BRGP00843;Focus Jack Mic Male GCA 700/N3P;0;01/05/2023
TR593;BRGP00899;D Addario S/G Acc. EJ-10 X-Lite;0;01/05/2023
TR594;BRGP00903;D Addario S/G Reguler EXL-120;0;01/05/2023
TR595;BRGP00921;Centurion CLED 543X RGBW;1;02/05/2023
TR596;BRGP01809;Srexact Jack Akai Mono SP102X-POG;2;02/05/2023
TR597;BRGP01621;SREXACT Jack RCA SP116G-C81-BK;10;08/05/2023
TR598;BRGP01621;SREXACT Jack RCA SP116G-C81-BK;2;10/05/2023
TR599;BRGP01809;Srexact Jack Akai Mono SP102X-POG;2;12/05/2023
TR600;BRGP01811;Srexact Jack Stereo Mini SP110AM-G-C81-BK;1;15/05/2023
TR601;BRGP01809;Srexact Jack Akai Mono SP102X-POG;2;17/05/2023
TR602;BRGP01811;Srexact Jack Stereo Mini SP110AM-G-C81-BK;2;17/05/2023
TR603;BRGP01809;Srexact Jack Akai Mono SP102X-POG;2;20/05/2023
TR604;BRGP01809;Srexact Jack Akai Mono SP102X-POG;2;23/05/2023
TR605;BRGP01621;SREXACT Jack RCA SP116G-C81-BK;2;26/05/2023
TR606;BRGP01809;Srexact Jack Akai Mono SP102X-POG;5;27/05/2023
TR607;BRGP01621;SREXACT Jack RCA SP116G-C81-BK;2;29/05/2023
TR608;BRGP01809;Srexact Jack Akai Mono SP102X-POG;1;29/05/2023
TR609;BRGP01811;Srexact Jack Stereo Mini SP110AM-G-C81-BK;1;30/05/2023
TR610;BRGP01621;SREXACT Jack RCA SP116G-C81-BK;6;31/05/2023
TR611;BRGP01623;SREXACT Jack Male SVP555V-BK-PG;3;31/05/2023
TR612;BRGP01809;Srexact Jack Akai Mono SP102X-POG;2;31/05/2023
TR613;BRGP00020;Neutrik Jack NC3FXX;0;01/06/2023
TR614;BRGP00021;Neutrik Jack NC3MXX;0;01/06/2023
TR615;BRGP00682;Krezt Jack Speakon TSC-033;0;01/06/2023
TR616;BRGP00899;D Addario S/G Acc. EJ-10 X-Lite;0;01/06/2023
TR617;BRGP00903;D Addario S/G Reguler EXL-120;0;01/06/2023
TR618;BRGP00843;Focus Jack Mic Male GCA 700/N3P;2;02/06/2023
TR619;BRGP01621;SREXACT Jack RCA SP116G-C81-BK;6;02/06/2023
TR620;BRGP01623;SREXACT Jack Male SVP555V-BK-PG;6;02/06/2023
TR621;BRGP01809;Srexact Jack Akai Mono SP102X-POG;1;02/06/2023
TR622;BRGP00921;Centurion CLED 543X RGBW;1;03/06/2023
TR623;BRGP01623;SREXACT Jack Male SVP555V-BK-PG;42;05/06/2023
TR624;BRGP01809;Srexact Jack Akai Mono SP102X-POG;1;05/06/2023
TR625;BRGP01811;Srexact Jack Stereo Mini SP110AM-G-C81-BK;4;05/06/2023
TR626;BRGP01809;Srexact Jack Akai Mono SP102X-POG;1;06/06/2023
TR627;BRGP01809;Srexact Jack Akai Mono SP102X-POG;2;07/06/2023
TR628;BRGP01623;SREXACT Jack Male SVP555V-BK-PG;1;08/06/2023
TR629;BRGP01623;SREXACT Jack Male SVP555V-BK-PG;4;12/06/2023
TR630;BRGP01809;Srexact Jack Akai Mono SP102X-POG;2;12/06/2023
TR631;BRGP01621;SREXACT Jack RCA SP116G-C81-BK;2;14/06/2023
TR632;BRGP01811;Srexact Jack Stereo Mini SP110AM-G-C81-BK;1;14/06/2023
TR633;BRGP01809;Srexact Jack Akai Mono SP102X-POG;1;19/06/2023
TR634;BRGP01811;Srexact Jack Stereo Mini SP110AM-G-C81-BK;1;19/06/2023
TR635;BRGP01811;Srexact Jack Stereo Mini SP110AM-G-C81-BK;1;20/06/2023
TR636;BRGP01621;SREXACT Jack RCA SP116G-C81-BK;2;21/06/2023
TR637;BRGP01809;Srexact Jack Akai Mono SP102X-POG;1;21/06/2023
TR638;BRGP01809;Srexact Jack Akai Mono SP102X-POG;20;22/06/2023
TR639;BRGP01809;Srexact Jack Akai Mono SP102X-POG;1;23/06/2023
TR640;BRGP01621;SREXACT Jack RCA SP116G-C81-BK;2;24/06/2023
TR641;BRGP01809;Srexact Jack Akai Mono SP102X-POG;2;24/06/2023
TR642;BRGP01811;Srexact Jack Stereo Mini SP110AM-G-C81-BK;1;26/06/2023
TR643;BRGP01621;SREXACT Jack RCA SP116G-C81-BK;4;28/06/2023
TR644;BRGP00020;Neutrik Jack NC3FXX;0;01/07/2023
TR645;BRGP00682;Krezt Jack Speakon TSC-033;0;01/07/2023
TR646;BRGP00843;Focus Jack Mic Male GCA 700/N3P;0;01/07/2023
TR647;BRGP00899;D Addario S/G Acc. EJ-10 X-Lite;0;01/07/2023
TR648;BRGP00903;D Addario S/G Reguler EXL-120;0;01/07/2023
TR649;BRGP00921;Centurion CLED 543X RGBW;0;01/07/2023
TR650;BRGP01621;SREXACT Jack RCA SP116G-C81-BK;0;01/07/2023
TR651;BRGP01809;Srexact Jack Akai Mono SP102X-POG;2;01/07/2023
TR652;BRGP01809;Srexact Jack Akai Mono SP102X-POG;1;04/07/2023
TR653;BRGP01809;Srexact Jack Akai Mono SP102X-POG;1;05/07/2023
TR654;BRGP00021;Neutrik Jack NC3MXX;1;10/07/2023
TR655;BRGP01623;SREXACT Jack Male SVP555V-BK-PG;2;10/07/2023
TR656;BRGP00021;Neutrik Jack NC3MXX;4;12/07/2023
TR657;BRGP01811;Srexact Jack Stereo Mini SP110AM-G-C81-BK;2;12/07/2023
TR658;BRGP01809;Srexact Jack Akai Mono SP102X-POG;1;13/07/2023
TR659;BRGP00021;Neutrik Jack NC3MXX;9;14/07/2023
TR660;BRGP01809;Srexact Jack Akai Mono SP102X-POG;1;14/07/2023
TR661;BRGP01811;Srexact Jack Stereo Mini SP110AM-G-C81-BK;1;14/07/2023
TR662;BRGP01809;Srexact Jack Akai Mono SP102X-POG;6;15/07/2023
TR663;BRGP01811;Srexact Jack Stereo Mini SP110AM-G-C81-BK;1;15/07/2023
TR664;BRGP01809;Srexact Jack Akai Mono SP102X-POG;1;17/07/2023
TR665;BRGP01809;Srexact Jack Akai Mono SP102X-POG;2;20/07/2023
TR666;BRGP01623;SREXACT Jack Male SVP555V-BK-PG;10;22/07/2023
TR667;BRGP01809;Srexact Jack Akai Mono SP102X-POG;6;22/07/2023
TR668;BRGP01811;Srexact Jack Stereo Mini SP110AM-G-C81-BK;2;22/07/2023
TR669;BRGP01623;SREXACT Jack Male SVP555V-BK-PG;2;25/07/2023
TR670;BRGP01809;Srexact Jack Akai Mono SP102X-POG;4;25/07/2023
TR671;BRGP00021;Neutrik Jack NC3MXX;3;26/07/2023
TR672;BRGP01623;SREXACT Jack Male SVP555V-BK-PG;1;26/07/2023
TR673;BRGP01809;Srexact Jack Akai Mono SP102X-POG;3;27/07/2023
TR674;BRGP01623;SREXACT Jack Male SVP555V-BK-PG;4;28/07/2023
TR675;BRGP01809;Srexact Jack Akai Mono SP102X-POG;2;29/07/2023
TR676;BRGP00682;Krezt Jack Speakon TSC-033;0;01/08/2023
TR677;BRGP00843;Focus Jack Mic Male GCA 700/N3P;0;01/08/2023
TR678;BRGP00899;D Addario S/G Acc. EJ-10 X-Lite;0;01/08/2023
TR679;BRGP00903;D Addario S/G Reguler EXL-120;0;01/08/2023
TR680;BRGP01623;SREXACT Jack Male SVP555V-BK-PG;3;02/08/2023
TR681;BRGP01809;Srexact Jack Akai Mono SP102X-POG;3;03/08/2023
TR682;BRGP01809;Srexact Jack Akai Mono SP102X-POG;2;05/08/2023
TR683;BRGP01811;Srexact Jack Stereo Mini SP110AM-G-C81-BK;1;05/08/2023
TR684;BRGP00021;Neutrik Jack NC3MXX;4;07/08/2023
TR685;BRGP01623;SREXACT Jack Male SVP555V-BK-PG;2;07/08/2023
TR686;BRGP00020;Neutrik Jack NC3FXX;11;08/08/2023
TR687;BRGP00021;Neutrik Jack NC3MXX;11;08/08/2023
TR688;BRGP01809;Srexact Jack Akai Mono SP102X-POG;2;08/08/2023
TR689;BRGP01623;SREXACT Jack Male SVP555V-BK-PG;3;09/08/2023
TR690;BRGP01809;Srexact Jack Akai Mono SP102X-POG;4;09/08/2023
TR691;BRGP01623;SREXACT Jack Male SVP555V-BK-PG;2;10/08/2023
TR692;BRGP01809;Srexact Jack Akai Mono SP102X-POG;6;10/08/2023
TR693;BRGP01811;Srexact Jack Stereo Mini SP110AM-G-C81-BK;3;10/08/2023
TR694;BRGP01623;SREXACT Jack Male SVP555V-BK-PG;4;11/08/2023
TR695;BRGP01809;Srexact Jack Akai Mono SP102X-POG;9;11/08/2023
TR696;BRGP01811;Srexact Jack Stereo Mini SP110AM-G-C81-BK;2;11/08/2023
TR697;BRGP01809;Srexact Jack Akai Mono SP102X-POG;2;12/08/2023
TR698;BRGP00020;Neutrik Jack NC3FXX;8;14/08/2023
TR699;BRGP00021;Neutrik Jack NC3MXX;8;14/08/2023
TR700;BRGP01623;SREXACT Jack Male SVP555V-BK-PG;4;14/08/2023
TR701;BRGP01809;Srexact Jack Akai Mono SP102X-POG;2;14/08/2023
TR702;BRGP01811;Srexact Jack Stereo Mini SP110AM-G-C81-BK;1;14/08/2023
TR703;BRGP00020;Neutrik Jack NC3FXX;2;16/08/2023
TR704;BRGP00021;Neutrik Jack NC3MXX;2;16/08/2023
TR705;BRGP00020;Neutrik Jack NC3FXX;3;18/08/2023
TR706;BRGP00021;Neutrik Jack NC3MXX;1;18/08/2023
TR707;BRGP01621;SREXACT Jack RCA SP116G-C81-BK;4;18/08/2023
TR708;BRGP00020;Neutrik Jack NC3FXX;2;19/08/2023
TR709;BRGP00921;Centurion CLED 543X RGBW;2;19/08/2023
TR710;BRGP01623;SREXACT Jack Male SVP555V-BK-PG;3;21/08/2023
TR711;BRGP00921;Centurion CLED 543X RGBW;4;24/08/2023
TR712;BRGP00020;Neutrik Jack NC3FXX;1;25/08/2023
TR713;BRGP00021;Neutrik Jack NC3MXX;1;25/08/2023
TR714;BRGP00020;Neutrik Jack NC3FXX;2;28/08/2023
TR715;BRGP00021;Neutrik Jack NC3MXX;5;28/08/2023
TR716;BRGP00020;Neutrik Jack NC3FXX;3;29/08/2023
TR717;BRGP00021;Neutrik Jack NC3MXX;3;29/08/2023
TR718;BRGP00020;Neutrik Jack NC3FXX;6;30/08/2023
TR719;BRGP00021;Neutrik Jack NC3MXX;6;30/08/2023
TR720;BRGP01811;Srexact Jack Stereo Mini SP110AM-G-C81-BK;2;30/08/2023
TR721;BRGP00020;Neutrik Jack NC3FXX;1;31/08/2023
TR722;BRGP00021;Neutrik Jack NC3MXX;1;31/08/2023
TR723;BRGP00921;Centurion CLED 543X RGBW;6;31/08/2023
TR724;BRGP01811;Srexact Jack Stereo Mini SP110AM-G-C81-BK;1;31/08/2023
TR725;BRGP00682;Krezt Jack Speakon TSC-033;0;01/09/2023
TR726;BRGP00899;D Addario S/G Acc. EJ-10 X-Lite;0;01/09/2023
TR727;BRGP00903;D Addario S/G Reguler EXL-120;0;01/09/2023
TR728;BRGP00921;Centurion CLED 543X RGBW;6;01/09/2023
TR729;BRGP01621;SREXACT Jack RCA SP116G-C81-BK;0;01/09/2023
TR730;BRGP01809;Srexact Jack Akai Mono SP102X-POG;0;01/09/2023
TR731;BRGP01811;Srexact Jack Stereo Mini SP110AM-G-C81-BK;2;01/09/2023
TR732;BRGP01623;SREXACT Jack Male SVP555V-BK-PG;1;05/09/2023
TR733;BRGP00020;Neutrik Jack NC3FXX;6;06/09/2023
TR734;BRGP00021;Neutrik Jack NC3MXX;6;06/09/2023
TR735;BRGP00020;Neutrik Jack NC3FXX;1;07/09/2023
TR736;BRGP00021;Neutrik Jack NC3MXX;1;07/09/2023
TR737;BRGP00921;Centurion CLED 543X RGBW;6;08/09/2023
TR738;BRGP00020;Neutrik Jack NC3FXX;4;09/09/2023
TR739;BRGP00021;Neutrik Jack NC3MXX;4;09/09/2023
TR740;BRGP01811;Srexact Jack Stereo Mini SP110AM-G-C81-BK;1;09/09/2023
TR741;BRGP00020;Neutrik Jack NC3FXX;2;11/09/2023
TR742;BRGP00021;Neutrik Jack NC3MXX;2;11/09/2023
TR743;BRGP00020;Neutrik Jack NC3FXX;1;12/09/2023
TR744;BRGP00021;Neutrik Jack NC3MXX;1;12/09/2023
TR745;BRGP00020;Neutrik Jack NC3FXX;6;14/09/2023
TR746;BRGP00021;Neutrik Jack NC3MXX;3;14/09/2023
TR747;BRGP01811;Srexact Jack Stereo Mini SP110AM-G-C81-BK;1;14/09/2023
TR748;BRGP00020;Neutrik Jack NC3FXX;5;16/09/2023
TR749;BRGP00021;Neutrik Jack NC3MXX;5;16/09/2023
TR750;BRGP00020;Neutrik Jack NC3FXX;6;19/09/2023
TR751;BRGP00021;Neutrik Jack NC3MXX;6;19/09/2023
TR752;BRGP00020;Neutrik Jack NC3FXX;14;21/09/2023
TR753;BRGP00021;Neutrik Jack NC3MXX;14;21/09/2023
TR754;BRGP00020;Neutrik Jack NC3FXX;1;26/09/2023
TR755;BRGP00021;Neutrik Jack NC3MXX;1;26/09/2023
TR756;BRGP01811;Srexact Jack Stereo Mini SP110AM-G-C81-BK;1;26/09/2023
TR757;BRGP00843;Focus Jack Mic Male GCA 700/N3P;3;27/09/2023
TR758;BRGP00020;Neutrik Jack NC3FXX;9;29/09/2023
TR759;BRGP00021;Neutrik Jack NC3MXX;15;29/09/2023
TR760;BRGP01623;SREXACT Jack Male SVP555V-BK-PG;1;29/09/2023
TR761;BRGP01811;Srexact Jack Stereo Mini SP110AM-G-C81-BK;5;29/09/2023
TR762;BRGP00682;Krezt Jack Speakon TSC-033;0;01/10/2023
TR763;BRGP00843;Focus Jack Mic Male GCA 700/N3P;0;01/10/2023
TR764;BRGP00899;D Addario S/G Acc. EJ-10 X-Lite;0;01/10/2023
TR765;BRGP00903;D Addario S/G Reguler EXL-120;0;01/10/2023
TR766;BRGP01623;SREXACT Jack Male SVP555V-BK-PG;1;03/10/2023
TR767;BRGP01811;Srexact Jack Stereo Mini SP110AM-G-C81-BK;2;04/10/2023
TR768;BRGP00020;Neutrik Jack NC3FXX;2;06/10/2023
TR769;BRGP00021;Neutrik Jack NC3MXX;5;06/10/2023
TR770;BRGP00020;Neutrik Jack NC3FXX;3;11/10/2023
TR771;BRGP00021;Neutrik Jack NC3MXX;3;11/10/2023
TR772;BRGP01811;Srexact Jack Stereo Mini SP110AM-G-C81-BK;2;12/10/2023
TR773;BRGP00020;Neutrik Jack NC3FXX;1;16/10/2023
TR774;BRGP00021;Neutrik Jack NC3MXX;1;16/10/2023
TR775;BRGP00921;Centurion CLED 543X RGBW;5;16/10/2023
TR776;BRGP01811;Srexact Jack Stereo Mini SP110AM-G-C81-BK;2;17/10/2023
TR777;BRGP01811;Srexact Jack Stereo Mini SP110AM-G-C81-BK;1;18/10/2023
TR778;BRGP00020;Neutrik Jack NC3FXX;1;20/10/2023
TR779;BRGP01811;Srexact Jack Stereo Mini SP110AM-G-C81-BK;2;20/10/2023
TR780;BRGP01809;Srexact Jack Akai Mono SP102X-POG;3;21/10/2023
TR781;BRGP00921;Centurion CLED 543X RGBW;1;23/10/2023
TR782;BRGP01623;SREXACT Jack Male SVP555V-BK-PG;10;23/10/2023
TR783;BRGP01621;SREXACT Jack RCA SP116G-C81-BK;2;26/10/2023
TR784;BRGP01811;Srexact Jack Stereo Mini SP110AM-G-C81-BK;1;26/10/2023
TR785;BRGP01621;SREXACT Jack RCA SP116G-C81-BK;2;27/10/2023
TR786;BRGP01623;SREXACT Jack Male SVP555V-BK-PG;2;28/10/2023
TR787;BRGP01621;SREXACT Jack RCA SP116G-C81-BK;2;30/10/2023
TR788;BRGP00843;Focus Jack Mic Male GCA 700/N3P;0;01/11/2023
TR789;BRGP00899;D Addario S/G Acc. EJ-10 X-Lite;0;01/11/2023
TR790;BRGP00903;D Addario S/G Reguler EXL-120;0;01/11/2023
TR791;BRGP00921;Centurion CLED 543X RGBW;0;01/11/2023
TR792;BRGP01621;SREXACT Jack RCA SP116G-C81-BK;10;03/11/2023
TR793;BRGP01623;SREXACT Jack Male SVP555V-BK-PG;3;03/11/2023
TR794;BRGP01623;SREXACT Jack Male SVP555V-BK-PG;3;04/11/2023
TR795;BRGP01621;SREXACT Jack RCA SP116G-C81-BK;9;06/11/2023
TR796;BRGP01623;SREXACT Jack Male SVP555V-BK-PG;2;06/11/2023
TR797;BRGP01809;Srexact Jack Akai Mono SP102X-POG;8;06/11/2023
TR798;BRGP01811;Srexact Jack Stereo Mini SP110AM-G-C81-BK;1;06/11/2023
TR799;BRGP01623;SREXACT Jack Male SVP555V-BK-PG;5;07/11/2023
TR800;BRGP01809;Srexact Jack Akai Mono SP102X-POG;2;10/11/2023
TR801;BRGP01621;SREXACT Jack RCA SP116G-C81-BK;8;11/11/2023
TR802;BRGP01809;Srexact Jack Akai Mono SP102X-POG;1;14/11/2023
TR803;BRGP01621;SREXACT Jack RCA SP116G-C81-BK;2;15/11/2023
TR804;BRGP01623;SREXACT Jack Male SVP555V-BK-PG;1;15/11/2023
TR805;BRGP01809;Srexact Jack Akai Mono SP102X-POG;2;15/11/2023
TR806;BRGP01809;Srexact Jack Akai Mono SP102X-POG;2;18/11/2023
TR807;BRGP01811;Srexact Jack Stereo Mini SP110AM-G-C81-BK;1;18/11/2023
TR808;BRGP01621;SREXACT Jack RCA SP116G-C81-BK;2;20/11/2023
TR809;BRGP01623;SREXACT Jack Male SVP555V-BK-PG;2;21/11/2023
TR810;BRGP00682;Krezt Jack Speakon TSC-033;4;22/11/2023
TR811;BRGP00020;Neutrik Jack NC3FXX;5;24/11/2023
TR812;BRGP00021;Neutrik Jack NC3MXX;5;24/11/2023
TR813;BRGP01623;SREXACT Jack Male SVP555V-BK-PG;4;24/11/2023
TR814;BRGP01809;Srexact Jack Akai Mono SP102X-POG;2;27/11/2023
TR815;BRGP01809;Srexact Jack Akai Mono SP102X-POG;8;28/11/2023
TR816;BRGP01621;SREXACT Jack RCA SP116G-C81-BK;8;30/11/2023
TR817;BRGP01623;SREXACT Jack Male SVP555V-BK-PG;1;30/11/2023
TR818;BRGP01811;Srexact Jack Stereo Mini SP110AM-G-C81-BK;1;30/11/2023
TR819;BRGP00020;Neutrik Jack NC3FXX;0;01/12/2023
TR820;BRGP00682;Krezt Jack Speakon TSC-033;0;01/12/2023
TR821;BRGP00843;Focus Jack Mic Male GCA 700/N3P;0;01/12/2023
TR822;BRGP00921;Centurion CLED 543X RGBW;0;01/12/2023
TR823;BRGP01623;SREXACT Jack Male SVP555V-BK-PG;1;01/12/2023
TR824;BRGP01809;Srexact Jack Akai Mono SP102X-POG;4;01/12/2023
TR825;BRGP01623;SREXACT Jack Male SVP555V-BK-PG;1;02/12/2023
TR826;BRGP01809;Srexact Jack Akai Mono SP102X-POG;4;02/12/2023
TR827;BRGP01623;SREXACT Jack Male SVP555V-BK-PG;3;04/12/2023
TR828;BRGP01809;Srexact Jack Akai Mono SP102X-POG;3;04/12/2023
TR829;BRGP01809;Srexact Jack Akai Mono SP102X-POG;2;06/12/2023
TR830;BRGP01621;SREXACT Jack RCA SP116G-C81-BK;2;12/12/2023
TR831;BRGP01621;SREXACT Jack RCA SP116G-C81-BK;4;13/12/2023
TR832;BRGP01809;Srexact Jack Akai Mono SP102X-POG;2;14/12/2023
TR833;BRGP01621;SREXACT Jack RCA SP116G-C81-BK;2;15/12/2023
TR834;BRGP01621;SREXACT Jack RCA SP116G-C81-BK;6;16/12/2023
TR835;BRGP01809;Srexact Jack Akai Mono SP102X-POG;16;16/12/2023
TR836;BRGP01623;SREXACT Jack Male SVP555V-BK-PG;4;18/12/2023
TR837;BRGP01809;Srexact Jack Akai Mono SP102X-POG;2;18/12/2023
TR838;BRGP01811;Srexact Jack Stereo Mini SP110AM-G-C81-BK;1;18/12/2023
TR839;BRGP01623;SREXACT Jack Male SVP555V-BK-PG;3;20/12/2023
TR840;BRGP01809;Srexact Jack Akai Mono SP102X-POG;5;20/12/2023
TR841;BRGP00899;D Addario S/G Acc. EJ-10 X-Lite;2;21/12/2023
TR842;BRGP01623;SREXACT Jack Male SVP555V-BK-PG;2;21/12/2023
TR843;BRGP01623;SREXACT Jack Male SVP555V-BK-PG;6;22/12/2023
TR844;BRGP00903;D Addario S/G Reguler EXL-120;1;23/12/2023
TR845;BRGP01809;Srexact Jack Akai Mono SP102X-POG;6;23/12/2023
TR846;BRGP00899;D Addario S/G Acc. EJ-10 X-Lite;1;26/12/2023
TR847;BRGP01623;SREXACT Jack Male SVP555V-BK-PG;9;26/12/2023
TR848;BRGP00899;D Addario S/G Acc. EJ-10 X-Lite;2;27/12/2023
TR849;BRGP01811;Srexact Jack Stereo Mini SP110AM-G-C81-BK;1;27/12/2023
TR850;BRGP00021;Neutrik Jack NC3MXX;2;28/12/2023
TR851;BRGP00899;D Addario S/G Acc. EJ-10 X-Lite;1;28/12/2023
TR852;BRGP00903;D Addario S/G Reguler EXL-120;1;28/12/2023
TR853;BRGP01621;SREXACT Jack RCA SP116G-C81-BK;2;29/12/2023
TR854;BRGP01623;SREXACT Jack Male SVP555V-BK-PG;1;30/12/2023
TR855;BRGP01809;Srexact Jack Akai Mono SP102X-POG;1;30/12/2023
TR856;BRGP00020;Neutrik Jack NC3FXX;0;01/01/2024
TR857;BRGP00021;Neutrik Jack NC3MXX;0;01/01/2024
TR858;BRGP00682;Krezt Jack Speakon TSC-033;0;01/01/2024
TR859;BRGP00843;Focus Jack Mic Male GCA 700/N3P;0;01/01/2024
TR860;BRGP00921;Centurion CLED 543X RGBW;0;01/01/2024
TR861;BRGP00903;D Addario S/G Reguler EXL-120;1;06/01/2024
TR862;BRGP01621;SREXACT Jack RCA SP116G-C81-BK;2;06/01/2024
TR863;BRGP01623;SREXACT Jack Male SVP555V-BK-PG;4;06/01/2024
TR864;BRGP00899;D Addario S/G Acc. EJ-10 X-Lite;1;12/01/2024
TR865;BRGP01809;Srexact Jack Akai Mono SP102X-POG;2;12/01/2024
TR866;BRGP01811;Srexact Jack Stereo Mini SP110AM-G-C81-BK;1;12/01/2024
TR867;BRGP00899;D Addario S/G Acc. EJ-10 X-Lite;1;13/01/2024
TR868;BRGP01621;SREXACT Jack RCA SP116G-C81-BK;2;13/01/2024
TR869;BRGP01621;SREXACT Jack RCA SP116G-C81-BK;2;17/01/2024
TR870;BRGP01809;Srexact Jack Akai Mono SP102X-POG;2;17/01/2024
