1;20;Neutrik Jack NC3FXX;0;2022-01-01
2;1811;Srexact Jack Stereo Mini SP110AM-G-C81-BK;0;2022-01-01
3;21;Neutrik Jack NC3MXX;1;2022-01-03
4;903;D Addario S/G Reguler EXL-120;1;2022-01-03
5;21;Neutrik Jack NC3MXX;1;2022-01-04
6;843;Focus Jack Mic Male GCA 700/N3P;1;2022-01-05
7;899;D Addario S/G Acc. EJ-10 X-Lite;1;2022-01-05
8;1623;SREXACT Jack Male SVP555V-BK-PG;1;2022-01-05
9;1809;Srexact Jack Akai Mono SP102X-POG;1;2022-01-05
10;21;Neutrik Jack NC3MXX;2;2022-01-06
11;1809;Srexact Jack Akai Mono SP102X-POG;1;2022-01-06
12;21;Neutrik Jack NC3MXX;2;2022-01-07
13;899;D Addario S/G Acc. EJ-10 X-Lite;1;2022-01-07
14;921;Centurion CLED 543X RGBW;12;2022-01-07
15;1809;Srexact Jack Akai Mono SP102X-POG;2;2022-01-07
16;899;D Addario S/G Acc. EJ-10 X-Lite;1;2022-01-08
17;921;Centurion CLED 543X RGBW;12;2022-01-10
18;1621;SREXACT Jack RCA SP116G-C81-BK;2;2022-01-12
19;21;Neutrik Jack NC3MXX;1;2022-01-13
20;1621;SREXACT Jack RCA SP116G-C81-BK;4;2022-01-13
21;1809;Srexact Jack Akai Mono SP102X-POG;4;2022-01-13
22;21;Neutrik Jack NC3MXX;4;2022-01-14
23;899;D Addario S/G Acc. EJ-10 X-Lite;1;2022-01-14
24;1623;SREXACT Jack Male SVP555V-BK-PG;2;2022-01-14
25;1809;Srexact Jack Akai Mono SP102X-POG;2;2022-01-14
26;21;Neutrik Jack NC3MXX;3;2022-01-15
27;1809;Srexact Jack Akai Mono SP102X-POG;2;2022-01-15
28;903;D Addario S/G Reguler EXL-120;1;2022-01-17
29;1809;Srexact Jack Akai Mono SP102X-POG;7;2022-01-17
30;1623;SREXACT Jack Male SVP555V-BK-PG;1;2022-01-18
31;1809;Srexact Jack Akai Mono SP102X-POG;6;2022-01-18
32;21;Neutrik Jack NC3MXX;1;2022-01-19
33;1621;SREXACT Jack RCA SP116G-C81-BK;2;2022-01-19
34;1623;SREXACT Jack Male SVP555V-BK-PG;3;2022-01-19
35;1809;Srexact Jack Akai Mono SP102X-POG;4;2022-01-19
36;21;Neutrik Jack NC3MXX;1;2022-01-20
37;899;D Addario S/G Acc. EJ-10 X-Lite;1;2022-01-20
38;1623;SREXACT Jack Male SVP555V-BK-PG;6;2022-01-20
39;1809;Srexact Jack Akai Mono SP102X-POG;3;2022-01-20
40;1623;SREXACT Jack Male SVP555V-BK-PG;1;2022-01-21
41;903;D Addario S/G Reguler EXL-120;1;2022-01-22
42;21;Neutrik Jack NC3MXX;4;2022-01-24
43;21;Neutrik Jack NC3MXX;2;2022-01-25
44;682;Krezt Jack Speakon TSC-033;4;2022-01-25
45;1621;SREXACT Jack RCA SP116G-C81-BK;2;2022-01-25
46;1809;Srexact Jack Akai Mono SP102X-POG;2;2022-01-26
47;21;Neutrik Jack NC3MXX;5;2022-01-27
48;899;D Addario S/G Acc. EJ-10 X-Lite;2;2022-01-27
49;1621;SREXACT Jack RCA SP116G-C81-BK;2;2022-01-27
50;1809;Srexact Jack Akai Mono SP102X-POG;2;2022-01-27
51;903;D Addario S/G Reguler EXL-120;2;2022-01-28
52;1621;SREXACT Jack RCA SP116G-C81-BK;4;2022-01-28
53;21;Neutrik Jack NC3MXX;3;2022-01-31
54;903;D Addario S/G Reguler EXL-120;1;2022-01-31
55;1809;Srexact Jack Akai Mono SP102X-POG;1;2022-01-31
56;682;Krezt Jack Speakon TSC-033;0;2022-02-01
57;843;Focus Jack Mic Male GCA 700/N3P;0;2022-02-01
58;921;Centurion CLED 543X RGBW;0;2022-02-01
59;21;Neutrik Jack NC3MXX;1;2022-02-02
60;903;D Addario S/G Reguler EXL-120;1;2022-02-02
61;1621;SREXACT Jack RCA SP116G-C81-BK;2;2022-02-02
62;1623;SREXACT Jack Male SVP555V-BK-PG;7;2022-02-02
63;1809;Srexact Jack Akai Mono SP102X-POG;8;2022-02-02
64;899;D Addario S/G Acc. EJ-10 X-Lite;1;2022-02-03
65;21;Neutrik Jack NC3MXX;1;2022-02-05
66;1621;SREXACT Jack RCA SP116G-C81-BK;4;2022-02-05
67;21;Neutrik Jack NC3MXX;16;2022-02-07
68;903;D Addario S/G Reguler EXL-120;1;2022-02-07
69;1621;SREXACT Jack RCA SP116G-C81-BK;20;2022-02-07
70;1623;SREXACT Jack Male SVP555V-BK-PG;6;2022-02-07
71;899;D Addario S/G Acc. EJ-10 X-Lite;1;2022-02-08
72;1809;Srexact Jack Akai Mono SP102X-POG;3;2022-02-09
73;21;Neutrik Jack NC3MXX;2;2022-02-10
74;903;D Addario S/G Reguler EXL-120;1;2022-02-10
75;1623;SREXACT Jack Male SVP555V-BK-PG;1;2022-02-10
76;21;Neutrik Jack NC3MXX;1;2022-02-11
77;899;D Addario S/G Acc. EJ-10 X-Lite;1;2022-02-11
78;1809;Srexact Jack Akai Mono SP102X-POG;2;2022-02-11
79;903;D Addario S/G Reguler EXL-120;1;2022-02-12
80;1621;SREXACT Jack RCA SP116G-C81-BK;4;2022-02-12
81;1809;Srexact Jack Akai Mono SP102X-POG;2;2022-02-12
82;20;Neutrik Jack NC3FXX;11;2022-02-15
83;21;Neutrik Jack NC3MXX;10;2022-02-15
84;20;Neutrik Jack NC3FXX;2;2022-02-16
85;903;D Addario S/G Reguler EXL-120;1;2022-02-16
86;899;D Addario S/G Acc. EJ-10 X-Lite;1;2022-02-17
87;1623;SREXACT Jack Male SVP555V-BK-PG;2;2022-02-17
88;1809;Srexact Jack Akai Mono SP102X-POG;7;2022-02-17
89;20;Neutrik Jack NC3FXX;2;2022-02-18
90;21;Neutrik Jack NC3MXX;2;2022-02-18
91;899;D Addario S/G Acc. EJ-10 X-Lite;1;2022-02-18
92;1621;SREXACT Jack RCA SP116G-C81-BK;15;2022-02-18
93;1623;SREXACT Jack Male SVP555V-BK-PG;10;2022-02-18
94;1809;Srexact Jack Akai Mono SP102X-POG;4;2022-02-18
95;1811;Srexact Jack Stereo Mini SP110AM-G-C81-BK;5;2022-02-18
96;899;D Addario S/G Acc. EJ-10 X-Lite;1;2022-02-19
97;903;D Addario S/G Reguler EXL-120;1;2022-02-19
98;1809;Srexact Jack Akai Mono SP102X-POG;2;2022-02-21
99;20;Neutrik Jack NC3FXX;1;2022-02-23
100;903;D Addario S/G Reguler EXL-120;1;2022-02-23
101;20;Neutrik Jack NC3FXX;2;2022-02-25
102;21;Neutrik Jack NC3MXX;2;2022-02-25
103;1623;SREXACT Jack Male SVP555V-BK-PG;2;2022-02-25
104;1809;Srexact Jack Akai Mono SP102X-POG;2;2022-02-25
105;899;D Addario S/G Acc. EJ-10 X-Lite;1;2022-02-26
106;682;Krezt Jack Speakon TSC-033;0;2022-03-01
107;843;Focus Jack Mic Male GCA 700/N3P;0;2022-03-01
108;903;D Addario S/G Reguler EXL-120;1;2022-03-04
109;921;Centurion CLED 543X RGBW;6;2022-03-04
110;1621;SREXACT Jack RCA SP116G-C81-BK;2;2022-03-04
111;1623;SREXACT Jack Male SVP555V-BK-PG;4;2022-03-04
112;1809;Srexact Jack Akai Mono SP102X-POG;4;2022-03-04
113;20;Neutrik Jack NC3FXX;5;2022-03-05
114;21;Neutrik Jack NC3MXX;5;2022-03-05
115;903;D Addario S/G Reguler EXL-120;1;2022-03-05
116;1621;SREXACT Jack RCA SP116G-C81-BK;2;2022-03-05
117;1623;SREXACT Jack Male SVP555V-BK-PG;1;2022-03-05
118;1809;Srexact Jack Akai Mono SP102X-POG;2;2022-03-05
119;1811;Srexact Jack Stereo Mini SP110AM-G-C81-BK;1;2022-03-05
120;20;Neutrik Jack NC3FXX;7;2022-03-07
121;21;Neutrik Jack NC3MXX;4;2022-03-07
122;903;D Addario S/G Reguler EXL-120;2;2022-03-07
123;1621;SREXACT Jack RCA SP116G-C81-BK;2;2022-03-07
124;1809;Srexact Jack Akai Mono SP102X-POG;2;2022-03-08
125;1623;SREXACT Jack Male SVP555V-BK-PG;3;2022-03-09
126;1809;Srexact Jack Akai Mono SP102X-POG;5;2022-03-09
127;899;D Addario S/G Acc. EJ-10 X-Lite;2;2022-03-11
128;899;D Addario S/G Acc. EJ-10 X-Lite;1;2022-03-12
129;1621;SREXACT Jack RCA SP116G-C81-BK;6;2022-03-12
130;1809;Srexact Jack Akai Mono SP102X-POG;4;2022-03-12
131;1621;SREXACT Jack RCA SP116G-C81-BK;2;2022-03-15
132;899;D Addario S/G Acc. EJ-10 X-Lite;1;2022-03-16
133;921;Centurion CLED 543X RGBW;1;2022-03-16
134;1621;SREXACT Jack RCA SP116G-C81-BK;2;2022-03-16
135;1809;Srexact Jack Akai Mono SP102X-POG;4;2022-03-16
136;20;Neutrik Jack NC3FXX;4;2022-03-18
137;21;Neutrik Jack NC3MXX;8;2022-03-18
138;1809;Srexact Jack Akai Mono SP102X-POG;3;2022-03-18
139;1811;Srexact Jack Stereo Mini SP110AM-G-C81-BK;1;2022-03-19
140;20;Neutrik Jack NC3FXX;5;2022-03-21
141;21;Neutrik Jack NC3MXX;5;2022-03-21
142;1809;Srexact Jack Akai Mono SP102X-POG;2;2022-03-21
143;21;Neutrik Jack NC3MXX;1;2022-03-22
144;1809;Srexact Jack Akai Mono SP102X-POG;2;2022-03-22
145;1621;SREXACT Jack RCA SP116G-C81-BK;2;2022-03-25
146;1623;SREXACT Jack Male SVP555V-BK-PG;1;2022-03-25
147;1623;SREXACT Jack Male SVP555V-BK-PG;1;2022-03-26
148;1809;Srexact Jack Akai Mono SP102X-POG;7;2022-03-26
149;921;Centurion CLED 543X RGBW;1;2022-03-28
150;20;Neutrik Jack NC3FXX;4;2022-03-30
151;21;Neutrik Jack NC3MXX;2;2022-03-30
152;1809;Srexact Jack Akai Mono SP102X-POG;1;2022-03-31
153;21;Neutrik Jack NC3MXX;1;2022-04-01
154;682;Krezt Jack Speakon TSC-033;4;2022-04-01
155;843;Focus Jack Mic Male GCA 700/N3P;0;2022-04-01
156;903;D Addario S/G Reguler EXL-120;0;2022-04-01
157;921;Centurion CLED 543X RGBW;0;2022-04-01
158;20;Neutrik Jack NC3FXX;2;2022-04-02
159;21;Neutrik Jack NC3MXX;7;2022-04-02
160;899;D Addario S/G Acc. EJ-10 X-Lite;1;2022-04-02
161;20;Neutrik Jack NC3FXX;3;2022-04-05
162;20;Neutrik Jack NC3FXX;2;2022-04-06
163;1621;SREXACT Jack RCA SP116G-C81-BK;2;2022-04-07
164;1809;Srexact Jack Akai Mono SP102X-POG;3;2022-04-07
165;20;Neutrik Jack NC3FXX;4;2022-04-08
166;899;D Addario S/G Acc. EJ-10 X-Lite;1;2022-04-09
167;1623;SREXACT Jack Male SVP555V-BK-PG;1;2022-04-09
168;1809;Srexact Jack Akai Mono SP102X-POG;1;2022-04-09
169;899;D Addario S/G Acc. EJ-10 X-Lite;1;2022-04-11
170;1621;SREXACT Jack RCA SP116G-C81-BK;2;2022-04-11
171;1623;SREXACT Jack Male SVP555V-BK-PG;13;2022-04-11
172;20;Neutrik Jack NC3FXX;2;2022-04-12
173;1621;SREXACT Jack RCA SP116G-C81-BK;1;2022-04-12
174;1809;Srexact Jack Akai Mono SP102X-POG;5;2022-04-12
175;1811;Srexact Jack Stereo Mini SP110AM-G-C81-BK;1;2022-04-12
176;1623;SREXACT Jack Male SVP555V-BK-PG;16;2022-04-13
177;1809;Srexact Jack Akai Mono SP102X-POG;2;2022-04-13
178;20;Neutrik Jack NC3FXX;6;2022-04-14
179;899;D Addario S/G Acc. EJ-10 X-Lite;1;2022-04-14
180;1621;SREXACT Jack RCA SP116G-C81-BK;2;2022-04-14
181;1623;SREXACT Jack Male SVP555V-BK-PG;3;2022-04-16
182;1809;Srexact Jack Akai Mono SP102X-POG;5;2022-04-16
183;20;Neutrik Jack NC3FXX;2;2022-04-18
184;1621;SREXACT Jack RCA SP116G-C81-BK;14;2022-04-20
185;1623;SREXACT Jack Male SVP555V-BK-PG;4;2022-04-20
186;20;Neutrik Jack NC3FXX;2;2022-04-21
187;899;D Addario S/G Acc. EJ-10 X-Lite;1;2022-04-21
188;1623;SREXACT Jack Male SVP555V-BK-PG;4;2022-04-21
189;1621;SREXACT Jack RCA SP116G-C81-BK;4;2022-04-23
190;1623;SREXACT Jack Male SVP555V-BK-PG;2;2022-04-25
191;1809;Srexact Jack Akai Mono SP102X-POG;1;2022-04-25
192;20;Neutrik Jack NC3FXX;27;2022-04-26
193;682;Krezt Jack Speakon TSC-033;4;2022-04-26
194;1621;SREXACT Jack RCA SP116G-C81-BK;6;2022-04-26
195;1623;SREXACT Jack Male SVP555V-BK-PG;1;2022-04-28
196;20;Neutrik Jack NC3FXX;5;2022-04-29
197;21;Neutrik Jack NC3MXX;0;2022-05-01
198;903;D Addario S/G Reguler EXL-120;0;2022-05-01
199;843;Focus Jack Mic Male GCA 700/N3P;2;2022-05-09
200;899;D Addario S/G Acc. EJ-10 X-Lite;1;2022-05-09
201;921;Centurion CLED 543X RGBW;4;2022-05-09
202;1621;SREXACT Jack RCA SP116G-C81-BK;2;2022-05-10
203;1623;SREXACT Jack Male SVP555V-BK-PG;2;2022-05-10
204;20;Neutrik Jack NC3FXX;5;2022-05-11
205;1621;SREXACT Jack RCA SP116G-C81-BK;3;2022-05-11
206;1623;SREXACT Jack Male SVP555V-BK-PG;2;2022-05-11
207;1809;Srexact Jack Akai Mono SP102X-POG;1;2022-05-11
208;843;Focus Jack Mic Male GCA 700/N3P;4;2022-05-13
209;899;D Addario S/G Acc. EJ-10 X-Lite;1;2022-05-13
210;20;Neutrik Jack NC3FXX;1;2022-05-14
211;1623;SREXACT Jack Male SVP555V-BK-PG;10;2022-05-14
212;1623;SREXACT Jack Male SVP555V-BK-PG;6;2022-05-18
213;1809;Srexact Jack Akai Mono SP102X-POG;2;2022-05-18
214;20;Neutrik Jack NC3FXX;1;2022-05-20
215;682;Krezt Jack Speakon TSC-033;2;2022-05-20
216;1621;SREXACT Jack RCA SP116G-C81-BK;6;2022-05-20
217;1623;SREXACT Jack Male SVP555V-BK-PG;14;2022-05-20
218;1809;Srexact Jack Akai Mono SP102X-POG;7;2022-05-20
219;1811;Srexact Jack Stereo Mini SP110AM-G-C81-BK;2;2022-05-20
220;1623;SREXACT Jack Male SVP555V-BK-PG;2;2022-05-23
221;20;Neutrik Jack NC3FXX;1;2022-05-25
222;20;Neutrik Jack NC3FXX;3;2022-05-27
223;899;D Addario S/G Acc. EJ-10 X-Lite;1;2022-05-27
224;20;Neutrik Jack NC3FXX;4;2022-05-28
225;899;D Addario S/G Acc. EJ-10 X-Lite;2;2022-05-28
226;1621;SREXACT Jack RCA SP116G-C81-BK;2;2022-05-28
227;20;Neutrik Jack NC3FXX;1;2022-05-30
228;899;D Addario S/G Acc. EJ-10 X-Lite;1;2022-05-30
229;1623;SREXACT Jack Male SVP555V-BK-PG;2;2022-05-30
230;21;Neutrik Jack NC3MXX;0;2022-06-01
231;903;D Addario S/G Reguler EXL-120;0;2022-06-01
232;921;Centurion CLED 543X RGBW;0;2022-06-01
233;682;Krezt Jack Speakon TSC-033;1;2022-06-07
234;899;D Addario S/G Acc. EJ-10 X-Lite;1;2022-06-07
235;20;Neutrik Jack NC3FXX;2;2022-06-08
236;20;Neutrik Jack NC3FXX;1;2022-06-10
237;1623;SREXACT Jack Male SVP555V-BK-PG;2;2022-06-10
238;1809;Srexact Jack Akai Mono SP102X-POG;1;2022-06-10
239;1623;SREXACT Jack Male SVP555V-BK-PG;7;2022-06-11
240;1623;SREXACT Jack Male SVP555V-BK-PG;1;2022-06-13
241;1809;Srexact Jack Akai Mono SP102X-POG;1;2022-06-13
242;20;Neutrik Jack NC3FXX;1;2022-06-14
243;1811;Srexact Jack Stereo Mini SP110AM-G-C81-BK;9;2022-06-14
244;1621;SREXACT Jack RCA SP116G-C81-BK;2;2022-06-16
245;1623;SREXACT Jack Male SVP555V-BK-PG;2;2022-06-17
246;1811;Srexact Jack Stereo Mini SP110AM-G-C81-BK;10;2022-06-21
247;1811;Srexact Jack Stereo Mini SP110AM-G-C81-BK;1;2022-06-22
248;1623;SREXACT Jack Male SVP555V-BK-PG;3;2022-06-25
249;1809;Srexact Jack Akai Mono SP102X-POG;2;2022-06-25
250;843;Focus Jack Mic Male GCA 700/N3P;15;2022-06-27
251;899;D Addario S/G Acc. EJ-10 X-Lite;1;2022-06-27
252;1809;Srexact Jack Akai Mono SP102X-POG;2;2022-06-27
253;1809;Srexact Jack Akai Mono SP102X-POG;1;2022-06-28
254;843;Focus Jack Mic Male GCA 700/N3P;8;2022-06-29
255;1623;SREXACT Jack Male SVP555V-BK-PG;2;2022-06-29
256;20;Neutrik Jack NC3FXX;0;2022-07-01
257;21;Neutrik Jack NC3MXX;0;2022-07-01
258;682;Krezt Jack Speakon TSC-033;0;2022-07-01
259;1623;SREXACT Jack Male SVP555V-BK-PG;5;2022-07-01
260;1809;Srexact Jack Akai Mono SP102X-POG;5;2022-07-01
261;1811;Srexact Jack Stereo Mini SP110AM-G-C81-BK;0;2022-07-01
262;843;Focus Jack Mic Male GCA 700/N3P;5;2022-07-04
263;1623;SREXACT Jack Male SVP555V-BK-PG;2;2022-07-04
264;1623;SREXACT Jack Male SVP555V-BK-PG;1;2022-07-05
265;1809;Srexact Jack Akai Mono SP102X-POG;1;2022-07-05
266;1621;SREXACT Jack RCA SP116G-C81-BK;1;2022-07-13
267;1623;SREXACT Jack Male SVP555V-BK-PG;5;2022-07-13
268;1809;Srexact Jack Akai Mono SP102X-POG;2;2022-07-13
269;1623;SREXACT Jack Male SVP555V-BK-PG;2;2022-07-18
270;843;Focus Jack Mic Male GCA 700/N3P;1;2022-07-20
271;899;D Addario S/G Acc. EJ-10 X-Lite;1;2022-07-21
272;903;D Addario S/G Reguler EXL-120;1;2022-07-21
273;921;Centurion CLED 543X RGBW;9;2022-07-21
274;903;D Addario S/G Reguler EXL-120;4;2022-07-23
275;1809;Srexact Jack Akai Mono SP102X-POG;1;2022-07-23
276;1809;Srexact Jack Akai Mono SP102X-POG;2;2022-07-25
277;899;D Addario S/G Acc. EJ-10 X-Lite;1;2022-07-26
278;1621;SREXACT Jack RCA SP116G-C81-BK;1;2022-07-26
279;1623;SREXACT Jack Male SVP555V-BK-PG;10;2022-07-27
280;843;Focus Jack Mic Male GCA 700/N3P;2;2022-07-28
281;1621;SREXACT Jack RCA SP116G-C81-BK;8;2022-07-28
282;843;Focus Jack Mic Male GCA 700/N3P;5;2022-08-03
283;1621;SREXACT Jack RCA SP116G-C81-BK;2;2022-08-03
284;1809;Srexact Jack Akai Mono SP102X-POG;2;2022-08-03
285;1621;SREXACT Jack RCA SP116G-C81-BK;4;2022-08-04
286;903;D Addario S/G Reguler EXL-120;1;2022-08-05
287;1623;SREXACT Jack Male SVP555V-BK-PG;2;2022-08-05
288;20;Neutrik Jack NC3FXX;4;2022-08-06
289;21;Neutrik Jack NC3MXX;4;2022-08-06
290;903;D Addario S/G Reguler EXL-120;2;2022-08-06
291;1621;SREXACT Jack RCA SP116G-C81-BK;2;2022-08-06
292;1623;SREXACT Jack Male SVP555V-BK-PG;4;2022-08-06
293;903;D Addario S/G Reguler EXL-120;1;2022-08-08
294;921;Centurion CLED 543X RGBW;5;2022-08-09
295;1623;SREXACT Jack Male SVP555V-BK-PG;4;2022-08-09
296;899;D Addario S/G Acc. EJ-10 X-Lite;1;2022-08-11
297;1623;SREXACT Jack Male SVP555V-BK-PG;4;2022-08-11
298;1809;Srexact Jack Akai Mono SP102X-POG;1;2022-08-11
299;843;Focus Jack Mic Male GCA 700/N3P;1;2022-08-12
300;899;D Addario S/G Acc. EJ-10 X-Lite;4;2022-08-12
301;1621;SREXACT Jack RCA SP116G-C81-BK;1;2022-08-12
302;1621;SREXACT Jack RCA SP116G-C81-BK;2;2022-08-13
303;921;Centurion CLED 543X RGBW;6;2022-08-15
304;1621;SREXACT Jack RCA SP116G-C81-BK;2;2022-08-16
305;1809;Srexact Jack Akai Mono SP102X-POG;2;2022-08-16
306;903;D Addario S/G Reguler EXL-120;1;2022-08-18
307;1811;Srexact Jack Stereo Mini SP110AM-G-C81-BK;1;2022-08-18
308;843;Focus Jack Mic Male GCA 700/N3P;2;2022-08-19
309;1811;Srexact Jack Stereo Mini SP110AM-G-C81-BK;1;2022-08-19
310;1623;SREXACT Jack Male SVP555V-BK-PG;3;2022-08-20
311;1623;SREXACT Jack Male SVP555V-BK-PG;29;2022-08-23
312;1809;Srexact Jack Akai Mono SP102X-POG;10;2022-08-23
313;899;D Addario S/G Acc. EJ-10 X-Lite;1;2022-08-24
314;1623;SREXACT Jack Male SVP555V-BK-PG;9;2022-08-24
315;1809;Srexact Jack Akai Mono SP102X-POG;4;2022-08-24
316;1811;Srexact Jack Stereo Mini SP110AM-G-C81-BK;1;2022-08-24
317;1809;Srexact Jack Akai Mono SP102X-POG;1;2022-08-25
318;682;Krezt Jack Speakon TSC-033;2;2022-08-27
319;1623;SREXACT Jack Male SVP555V-BK-PG;10;2022-08-29
320;1811;Srexact Jack Stereo Mini SP110AM-G-C81-BK;1;2022-08-29
321;1621;SREXACT Jack RCA SP116G-C81-BK;8;2022-08-31
322;1809;Srexact Jack Akai Mono SP102X-POG;9;2022-08-31
323;899;D Addario S/G Acc. EJ-10 X-Lite;1;2022-09-01
324;1809;Srexact Jack Akai Mono SP102X-POG;4;2022-09-01
325;20;Neutrik Jack NC3FXX;4;2022-09-02
326;21;Neutrik Jack NC3MXX;4;2022-09-02
327;921;Centurion CLED 543X RGBW;1;2022-09-02
328;903;D Addario S/G Reguler EXL-120;3;2022-09-03
329;682;Krezt Jack Speakon TSC-033;30;2022-09-05
330;903;D Addario S/G Reguler EXL-120;1;2022-09-06
331;1623;SREXACT Jack Male SVP555V-BK-PG;2;2022-09-06
332;899;D Addario S/G Acc. EJ-10 X-Lite;1;2022-09-07
333;1809;Srexact Jack Akai Mono SP102X-POG;1;2022-09-07
334;899;D Addario S/G Acc. EJ-10 X-Lite;1;2022-09-08
335;903;D Addario S/G Reguler EXL-120;2;2022-09-09
336;921;Centurion CLED 543X RGBW;5;2022-09-09
337;1621;SREXACT Jack RCA SP116G-C81-BK;1;2022-09-09
338;1809;Srexact Jack Akai Mono SP102X-POG;2;2022-09-09
339;682;Krezt Jack Speakon TSC-033;2;2022-09-10
340;1809;Srexact Jack Akai Mono SP102X-POG;2;2022-09-10
341;1811;Srexact Jack Stereo Mini SP110AM-G-C81-BK;1;2022-09-10
342;899;D Addario S/G Acc. EJ-10 X-Lite;1;2022-09-12
343;1621;SREXACT Jack RCA SP116G-C81-BK;2;2022-09-13
344;1623;SREXACT Jack Male SVP555V-BK-PG;2;2022-09-13
345;1809;Srexact Jack Akai Mono SP102X-POG;2;2022-09-13
346;1809;Srexact Jack Akai Mono SP102X-POG;1;2022-09-14
347;899;D Addario S/G Acc. EJ-10 X-Lite;1;2022-09-15
348;1623;SREXACT Jack Male SVP555V-BK-PG;13;2022-09-15
349;1809;Srexact Jack Akai Mono SP102X-POG;2;2022-09-15
350;903;D Addario S/G Reguler EXL-120;3;2022-09-16
351;1809;Srexact Jack Akai Mono SP102X-POG;3;2022-09-16
352;1621;SREXACT Jack RCA SP116G-C81-BK;2;2022-09-17
353;1809;Srexact Jack Akai Mono SP102X-POG;4;2022-09-17
354;843;Focus Jack Mic Male GCA 700/N3P;3;2022-09-21
355;1809;Srexact Jack Akai Mono SP102X-POG;2;2022-09-21
356;1621;SREXACT Jack RCA SP116G-C81-BK;6;2022-09-22
357;1809;Srexact Jack Akai Mono SP102X-POG;2;2022-09-22
358;682;Krezt Jack Speakon TSC-033;4;2022-09-23
359;1621;SREXACT Jack RCA SP116G-C81-BK;20;2022-09-23
360;1809;Srexact Jack Akai Mono SP102X-POG;3;2022-09-23
361;1621;SREXACT Jack RCA SP116G-C81-BK;2;2022-09-24
362;1621;SREXACT Jack RCA SP116G-C81-BK;3;2022-09-26
363;682;Krezt Jack Speakon TSC-033;4;2022-09-30
364;1811;Srexact Jack Stereo Mini SP110AM-G-C81-BK;1;2022-09-30
365;682;Krezt Jack Speakon TSC-033;0;2022-10-01
366;899;D Addario S/G Acc. EJ-10 X-Lite;0;2022-10-01
367;1621;SREXACT Jack RCA SP116G-C81-BK;2;2022-10-01
368;1809;Srexact Jack Akai Mono SP102X-POG;4;2022-10-05
369;20;Neutrik Jack NC3FXX;15;2022-10-07
370;21;Neutrik Jack NC3MXX;15;2022-10-07
371;1811;Srexact Jack Stereo Mini SP110AM-G-C81-BK;3;2022-10-07
372;20;Neutrik Jack NC3FXX;2;2022-10-10
373;21;Neutrik Jack NC3MXX;2;2022-10-10
374;1809;Srexact Jack Akai Mono SP102X-POG;2;2022-10-10
375;1811;Srexact Jack Stereo Mini SP110AM-G-C81-BK;4;2022-10-10
376;21;Neutrik Jack NC3MXX;20;2022-10-11
377;903;D Addario S/G Reguler EXL-120;1;2022-10-11
378;1809;Srexact Jack Akai Mono SP102X-POG;6;2022-10-12
379;20;Neutrik Jack NC3FXX;3;2022-10-14
380;21;Neutrik Jack NC3MXX;1;2022-10-14
381;1809;Srexact Jack Akai Mono SP102X-POG;2;2022-10-14
382;21;Neutrik Jack NC3MXX;1;2022-10-15
383;921;Centurion CLED 543X RGBW;4;2022-10-15
384;1809;Srexact Jack Akai Mono SP102X-POG;2;2022-10-15
385;1811;Srexact Jack Stereo Mini SP110AM-G-C81-BK;1;2022-10-15
386;20;Neutrik Jack NC3FXX;1;2022-10-17
387;21;Neutrik Jack NC3MXX;1;2022-10-17
388;843;Focus Jack Mic Male GCA 700/N3P;1;2022-10-18
389;843;Focus Jack Mic Male GCA 700/N3P;7;2022-10-20
390;921;Centurion CLED 543X RGBW;8;2022-10-20
391;1623;SREXACT Jack Male SVP555V-BK-PG;2;2022-10-20
392;1809;Srexact Jack Akai Mono SP102X-POG;14;2022-10-20
393;843;Focus Jack Mic Male GCA 700/N3P;5;2022-10-21
394;20;Neutrik Jack NC3FXX;5;2022-10-24
395;21;Neutrik Jack NC3MXX;5;2022-10-24
396;20;Neutrik Jack NC3FXX;12;2022-10-25
397;21;Neutrik Jack NC3MXX;10;2022-10-25
398;1809;Srexact Jack Akai Mono SP102X-POG;8;2022-10-25
399;20;Neutrik Jack NC3FXX;3;2022-10-26
400;21;Neutrik Jack NC3MXX;1;2022-10-26
401;20;Neutrik Jack NC3FXX;3;2022-10-27
402;21;Neutrik Jack NC3MXX;3;2022-10-27
403;20;Neutrik Jack NC3FXX;10;2022-10-28
404;21;Neutrik Jack NC3MXX;10;2022-10-28
405;20;Neutrik Jack NC3FXX;2;2022-10-29
406;21;Neutrik Jack NC3MXX;2;2022-10-29
407;1809;Srexact Jack Akai Mono SP102X-POG;2;2022-10-29
408;20;Neutrik Jack NC3FXX;4;2022-11-01
409;21;Neutrik Jack NC3MXX;4;2022-11-01
410;899;D Addario S/G Acc. EJ-10 X-Lite;0;2022-11-01
411;903;D Addario S/G Reguler EXL-120;0;2022-11-01
412;1623;SREXACT Jack Male SVP555V-BK-PG;0;2022-11-01
413;1811;Srexact Jack Stereo Mini SP110AM-G-C81-BK;1;2022-11-02
414;20;Neutrik Jack NC3FXX;1;2022-11-03
415;21;Neutrik Jack NC3MXX;1;2022-11-03
416;1809;Srexact Jack Akai Mono SP102X-POG;1;2022-11-04
417;1811;Srexact Jack Stereo Mini SP110AM-G-C81-BK;1;2022-11-04
418;1621;SREXACT Jack RCA SP116G-C81-BK;2;2022-11-09
419;843;Focus Jack Mic Male GCA 700/N3P;1;2022-11-10
420;843;Focus Jack Mic Male GCA 700/N3P;10;2022-11-11
421;1809;Srexact Jack Akai Mono SP102X-POG;1;2022-11-12
422;1809;Srexact Jack Akai Mono SP102X-POG;1;2022-11-14
423;921;Centurion CLED 543X RGBW;2;2022-11-16
424;921;Centurion CLED 543X RGBW;12;2022-11-18
425;921;Centurion CLED 543X RGBW;7;2022-11-22
426;843;Focus Jack Mic Male GCA 700/N3P;1;2022-11-25
427;1809;Srexact Jack Akai Mono SP102X-POG;2;2022-11-25
428;1809;Srexact Jack Akai Mono SP102X-POG;3;2022-11-26
429;1621;SREXACT Jack RCA SP116G-C81-BK;2;2022-11-29
430;682;Krezt Jack Speakon TSC-033;2;2022-11-30
431;843;Focus Jack Mic Male GCA 700/N3P;2;2022-11-30
432;1621;SREXACT Jack RCA SP116G-C81-BK;2;2022-11-30
433;1809;Srexact Jack Akai Mono SP102X-POG;7;2022-11-30
434;921;Centurion CLED 543X RGBW;3;2022-12-01
435;1621;SREXACT Jack RCA SP116G-C81-BK;4;2022-12-01
436;1809;Srexact Jack Akai Mono SP102X-POG;1;2022-12-01
437;843;Focus Jack Mic Male GCA 700/N3P;3;2022-12-02
438;1623;SREXACT Jack Male SVP555V-BK-PG;7;2022-12-05
439;1809;Srexact Jack Akai Mono SP102X-POG;2;2022-12-05
440;1809;Srexact Jack Akai Mono SP102X-POG;2;2022-12-06
441;921;Centurion CLED 543X RGBW;5;2022-12-07
442;921;Centurion CLED 543X RGBW;3;2022-12-08
443;1621;SREXACT Jack RCA SP116G-C81-BK;4;2022-12-09
444;1811;Srexact Jack Stereo Mini SP110AM-G-C81-BK;3;2022-12-09
445;921;Centurion CLED 543X RGBW;10;2022-12-10
446;682;Krezt Jack Speakon TSC-033;6;2022-12-13
447;1811;Srexact Jack Stereo Mini SP110AM-G-C81-BK;12;2022-12-13
448;1811;Srexact Jack Stereo Mini SP110AM-G-C81-BK;2;2022-12-14
449;20;Neutrik Jack NC3FXX;2;2022-12-15
450;21;Neutrik Jack NC3MXX;2;2022-12-15
451;843;Focus Jack Mic Male GCA 700/N3P;1;2022-12-15
452;1811;Srexact Jack Stereo Mini SP110AM-G-C81-BK;9;2022-12-15
453;899;D Addario S/G Acc. EJ-10 X-Lite;1;2022-12-16
454;1811;Srexact Jack Stereo Mini SP110AM-G-C81-BK;11;2022-12-16
455;682;Krezt Jack Speakon TSC-033;6;2022-12-17
456;1621;SREXACT Jack RCA SP116G-C81-BK;2;2022-12-17
457;1621;SREXACT Jack RCA SP116G-C81-BK;2;2022-12-19
458;1623;SREXACT Jack Male SVP555V-BK-PG;2;2022-12-19
459;1811;Srexact Jack Stereo Mini SP110AM-G-C81-BK;4;2022-12-19
460;899;D Addario S/G Acc. EJ-10 X-Lite;1;2022-12-20
461;903;D Addario S/G Reguler EXL-120;2;2022-12-20
462;1621;SREXACT Jack RCA SP116G-C81-BK;4;2022-12-20
463;1811;Srexact Jack Stereo Mini SP110AM-G-C81-BK;14;2022-12-20
464;843;Focus Jack Mic Male GCA 700/N3P;10;2022-12-21
465;899;D Addario S/G Acc. EJ-10 X-Lite;4;2022-12-21
466;1811;Srexact Jack Stereo Mini SP110AM-G-C81-BK;10;2022-12-21
467;903;D Addario S/G Reguler EXL-120;1;2022-12-22
468;899;D Addario S/G Acc. EJ-10 X-Lite;1;2022-12-23
469;1811;Srexact Jack Stereo Mini SP110AM-G-C81-BK;4;2022-12-24
470;903;D Addario S/G Reguler EXL-120;1;2022-12-26
471;843;Focus Jack Mic Male GCA 700/N3P;2;2022-12-27
472;1811;Srexact Jack Stereo Mini SP110AM-G-C81-BK;1;2022-12-28
473;843;Focus Jack Mic Male GCA 700/N3P;2;2022-12-29
474;899;D Addario S/G Acc. EJ-10 X-Lite;1;2022-12-29
475;1811;Srexact Jack Stereo Mini SP110AM-G-C81-BK;1;2022-12-29
476;903;D Addario S/G Reguler EXL-120;1;2022-12-30
477;1811;Srexact Jack Stereo Mini SP110AM-G-C81-BK;3;2022-12-30
478;1811;Srexact Jack Stereo Mini SP110AM-G-C81-BK;1;2022-12-31
479;682;Krezt Jack Speakon TSC-033;0;2023-01-01
480;1623;SREXACT Jack Male SVP555V-BK-PG;0;2023-01-01
481;843;Focus Jack Mic Male GCA 700/N3P;5;2023-01-03
482;903;D Addario S/G Reguler EXL-120;2;2023-01-03
483;1809;Srexact Jack Akai Mono SP102X-POG;1;2023-01-03
484;899;D Addario S/G Acc. EJ-10 X-Lite;1;2023-01-04
485;903;D Addario S/G Reguler EXL-120;1;2023-01-04
486;1809;Srexact Jack Akai Mono SP102X-POG;1;2023-01-04
487;899;D Addario S/G Acc. EJ-10 X-Lite;1;2023-01-05
488;1809;Srexact Jack Akai Mono SP102X-POG;8;2023-01-05
489;1811;Srexact Jack Stereo Mini SP110AM-G-C81-BK;1;2023-01-05
490;921;Centurion CLED 543X RGBW;2;2023-01-06
491;1621;SREXACT Jack RCA SP116G-C81-BK;2;2023-01-10
492;1621;SREXACT Jack RCA SP116G-C81-BK;2;2023-01-11
493;1621;SREXACT Jack RCA SP116G-C81-BK;2;2023-01-16
494;20;Neutrik Jack NC3FXX;2;2023-01-17
495;1809;Srexact Jack Akai Mono SP102X-POG;8;2023-01-17
496;20;Neutrik Jack NC3FXX;2;2023-01-18
497;843;Focus Jack Mic Male GCA 700/N3P;2;2023-01-18
498;1809;Srexact Jack Akai Mono SP102X-POG;6;2023-01-18
499;20;Neutrik Jack NC3FXX;4;2023-01-19
500;1621;SREXACT Jack RCA SP116G-C81-BK;2;2023-01-20
501;1809;Srexact Jack Akai Mono SP102X-POG;2;2023-01-20
502;1811;Srexact Jack Stereo Mini SP110AM-G-C81-BK;1;2023-01-20
503;20;Neutrik Jack NC3FXX;3;2023-01-21
504;1621;SREXACT Jack RCA SP116G-C81-BK;4;2023-01-23
505;20;Neutrik Jack NC3FXX;4;2023-01-24
506;21;Neutrik Jack NC3MXX;8;2023-01-24
507;1621;SREXACT Jack RCA SP116G-C81-BK;3;2023-01-24
508;20;Neutrik Jack NC3FXX;10;2023-01-25
509;21;Neutrik Jack NC3MXX;10;2023-01-25
510;843;Focus Jack Mic Male GCA 700/N3P;4;2023-01-25
511;20;Neutrik Jack NC3FXX;1;2023-01-26
512;21;Neutrik Jack NC3MXX;1;2023-01-26
513;20;Neutrik Jack NC3FXX;3;2023-01-27
514;21;Neutrik Jack NC3MXX;3;2023-01-27
515;903;D Addario S/G Reguler EXL-120;1;2023-01-27
516;20;Neutrik Jack NC3FXX;2;2023-01-31
517;21;Neutrik Jack NC3MXX;2;2023-01-31
518;20;Neutrik Jack NC3FXX;0;2023-02-01
519;21;Neutrik Jack NC3MXX;2;2023-02-01
520;899;D Addario S/G Acc. EJ-10 X-Lite;0;2023-02-01
521;903;D Addario S/G Reguler EXL-120;0;2023-02-01
522;921;Centurion CLED 543X RGBW;0;2023-02-01
523;1623;SREXACT Jack Male SVP555V-BK-PG;0;2023-02-01
524;1809;Srexact Jack Akai Mono SP102X-POG;4;2023-02-02
525;1811;Srexact Jack Stereo Mini SP110AM-G-C81-BK;1;2023-02-02
526;1809;Srexact Jack Akai Mono SP102X-POG;2;2023-02-03
527;1809;Srexact Jack Akai Mono SP102X-POG;2;2023-02-04
528;1621;SREXACT Jack RCA SP116G-C81-BK;1;2023-02-06
529;1809;Srexact Jack Akai Mono SP102X-POG;1;2023-02-06
530;843;Focus Jack Mic Male GCA 700/N3P;2;2023-02-07
531;1809;Srexact Jack Akai Mono SP102X-POG;2;2023-02-07
532;1621;SREXACT Jack RCA SP116G-C81-BK;1;2023-02-08
533;1809;Srexact Jack Akai Mono SP102X-POG;2;2023-02-08
534;1621;SREXACT Jack RCA SP116G-C81-BK;2;2023-02-11
535;682;Krezt Jack Speakon TSC-033;6;2023-02-13
536;1809;Srexact Jack Akai Mono SP102X-POG;1;2023-02-13
537;1621;SREXACT Jack RCA SP116G-C81-BK;4;2023-02-15
538;1809;Srexact Jack Akai Mono SP102X-POG;1;2023-02-15
539;1809;Srexact Jack Akai Mono SP102X-POG;1;2023-02-17
540;1621;SREXACT Jack RCA SP116G-C81-BK;2;2023-02-20
541;1809;Srexact Jack Akai Mono SP102X-POG;2;2023-02-20
542;1809;Srexact Jack Akai Mono SP102X-POG;1;2023-02-21
543;1809;Srexact Jack Akai Mono SP102X-POG;1;2023-02-23
544;1809;Srexact Jack Akai Mono SP102X-POG;1;2023-02-28
545;20;Neutrik Jack NC3FXX;0;2023-03-01
546;21;Neutrik Jack NC3MXX;0;2023-03-01
547;843;Focus Jack Mic Male GCA 700/N3P;0;2023-03-01
548;899;D Addario S/G Acc. EJ-10 X-Lite;0;2023-03-01
549;903;D Addario S/G Reguler EXL-120;0;2023-03-01
550;921;Centurion CLED 543X RGBW;0;2023-03-01
551;1623;SREXACT Jack Male SVP555V-BK-PG;0;2023-03-01
552;682;Krezt Jack Speakon TSC-033;1;2023-03-02
553;1621;SREXACT Jack RCA SP116G-C81-BK;3;2023-03-03
554;1809;Srexact Jack Akai Mono SP102X-POG;1;2023-03-03
555;1811;Srexact Jack Stereo Mini SP110AM-G-C81-BK;2;2023-03-10
556;1809;Srexact Jack Akai Mono SP102X-POG;10;2023-03-11
557;1809;Srexact Jack Akai Mono SP102X-POG;2;2023-03-13
558;1621;SREXACT Jack RCA SP116G-C81-BK;2;2023-03-14
559;1809;Srexact Jack Akai Mono SP102X-POG;4;2023-03-14
560;1809;Srexact Jack Akai Mono SP102X-POG;1;2023-03-15
561;1621;SREXACT Jack RCA SP116G-C81-BK;1;2023-03-17
562;1621;SREXACT Jack RCA SP116G-C81-BK;2;2023-03-18
563;1809;Srexact Jack Akai Mono SP102X-POG;1;2023-03-20
564;1809;Srexact Jack Akai Mono SP102X-POG;2;2023-03-21
565;1621;SREXACT Jack RCA SP116G-C81-BK;4;2023-03-25
566;1809;Srexact Jack Akai Mono SP102X-POG;1;2023-03-25
567;1621;SREXACT Jack RCA SP116G-C81-BK;6;2023-03-27
568;1809;Srexact Jack Akai Mono SP102X-POG;1;2023-03-29
569;20;Neutrik Jack NC3FXX;0;2023-04-01
570;21;Neutrik Jack NC3MXX;0;2023-04-01
571;843;Focus Jack Mic Male GCA 700/N3P;0;2023-04-01
572;899;D Addario S/G Acc. EJ-10 X-Lite;0;2023-04-01
573;903;D Addario S/G Reguler EXL-120;0;2023-04-01
574;921;Centurion CLED 543X RGBW;4;2023-04-01
575;1623;SREXACT Jack Male SVP555V-BK-PG;0;2023-04-01
576;1809;Srexact Jack Akai Mono SP102X-POG;2;2023-04-04
577;1809;Srexact Jack Akai Mono SP102X-POG;8;2023-04-05
578;1809;Srexact Jack Akai Mono SP102X-POG;5;2023-04-06
579;682;Krezt Jack Speakon TSC-033;4;2023-04-08
580;1621;SREXACT Jack RCA SP116G-C81-BK;2;2023-04-08
581;1811;Srexact Jack Stereo Mini SP110AM-G-C81-BK;1;2023-04-08
582;1809;Srexact Jack Akai Mono SP102X-POG;2;2023-04-10
583;1621;SREXACT Jack RCA SP116G-C81-BK;2;2023-04-11
584;1809;Srexact Jack Akai Mono SP102X-POG;2;2023-04-11
585;1621;SREXACT Jack RCA SP116G-C81-BK;18;2023-04-14
586;1621;SREXACT Jack RCA SP116G-C81-BK;2;2023-04-18
587;1809;Srexact Jack Akai Mono SP102X-POG;3;2023-04-20
588;1811;Srexact Jack Stereo Mini SP110AM-G-C81-BK;1;2023-04-20
589;20;Neutrik Jack NC3FXX;0;2023-05-01
590;21;Neutrik Jack NC3MXX;0;2023-05-01
591;682;Krezt Jack Speakon TSC-033;0;2023-05-01
592;843;Focus Jack Mic Male GCA 700/N3P;0;2023-05-01
593;899;D Addario S/G Acc. EJ-10 X-Lite;0;2023-05-01
594;903;D Addario S/G Reguler EXL-120;0;2023-05-01
595;921;Centurion CLED 543X RGBW;1;2023-05-02
596;1809;Srexact Jack Akai Mono SP102X-POG;2;2023-05-02
597;1621;SREXACT Jack RCA SP116G-C81-BK;10;2023-05-08
598;1621;SREXACT Jack RCA SP116G-C81-BK;2;2023-05-10
599;1809;Srexact Jack Akai Mono SP102X-POG;2;2023-05-12
600;1811;Srexact Jack Stereo Mini SP110AM-G-C81-BK;1;2023-05-15
601;1809;Srexact Jack Akai Mono SP102X-POG;2;2023-05-17
602;1811;Srexact Jack Stereo Mini SP110AM-G-C81-BK;2;2023-05-17
603;1809;Srexact Jack Akai Mono SP102X-POG;2;2023-05-20
604;1809;Srexact Jack Akai Mono SP102X-POG;2;2023-05-23
605;1621;SREXACT Jack RCA SP116G-C81-BK;2;2023-05-26
606;1809;Srexact Jack Akai Mono SP102X-POG;5;2023-05-27
607;1621;SREXACT Jack RCA SP116G-C81-BK;2;2023-05-29
608;1809;Srexact Jack Akai Mono SP102X-POG;1;2023-05-29
609;1811;Srexact Jack Stereo Mini SP110AM-G-C81-BK;1;2023-05-30
610;1621;SREXACT Jack RCA SP116G-C81-BK;6;2023-05-31
611;1623;SREXACT Jack Male SVP555V-BK-PG;3;2023-05-31
612;1809;Srexact Jack Akai Mono SP102X-POG;2;2023-05-31
613;20;Neutrik Jack NC3FXX;0;2023-06-01
614;21;Neutrik Jack NC3MXX;0;2023-06-01
615;682;Krezt Jack Speakon TSC-033;0;2023-06-01
616;899;D Addario S/G Acc. EJ-10 X-Lite;0;2023-06-01
617;903;D Addario S/G Reguler EXL-120;0;2023-06-01
618;843;Focus Jack Mic Male GCA 700/N3P;2;2023-06-02
619;1621;SREXACT Jack RCA SP116G-C81-BK;6;2023-06-02
620;1623;SREXACT Jack Male SVP555V-BK-PG;6;2023-06-02
621;1809;Srexact Jack Akai Mono SP102X-POG;1;2023-06-02
622;921;Centurion CLED 543X RGBW;1;2023-06-03
623;1623;SREXACT Jack Male SVP555V-BK-PG;42;2023-06-05
624;1809;Srexact Jack Akai Mono SP102X-POG;1;2023-06-05
625;1811;Srexact Jack Stereo Mini SP110AM-G-C81-BK;4;2023-06-05
626;1809;Srexact Jack Akai Mono SP102X-POG;1;2023-06-06
627;1809;Srexact Jack Akai Mono SP102X-POG;2;2023-06-07
628;1623;SREXACT Jack Male SVP555V-BK-PG;1;2023-06-08
629;1623;SREXACT Jack Male SVP555V-BK-PG;4;2023-06-12
630;1809;Srexact Jack Akai Mono SP102X-POG;2;2023-06-12
631;1621;SREXACT Jack RCA SP116G-C81-BK;2;2023-06-14
632;1811;Srexact Jack Stereo Mini SP110AM-G-C81-BK;1;2023-06-14
633;1809;Srexact Jack Akai Mono SP102X-POG;1;2023-06-19
634;1811;Srexact Jack Stereo Mini SP110AM-G-C81-BK;1;2023-06-19
635;1811;Srexact Jack Stereo Mini SP110AM-G-C81-BK;1;2023-06-20
636;1621;SREXACT Jack RCA SP116G-C81-BK;2;2023-06-21
637;1809;Srexact Jack Akai Mono SP102X-POG;1;2023-06-21
638;1809;Srexact Jack Akai Mono SP102X-POG;20;2023-06-22
639;1809;Srexact Jack Akai Mono SP102X-POG;1;2023-06-23
640;1621;SREXACT Jack RCA SP116G-C81-BK;2;2023-06-24
641;1809;Srexact Jack Akai Mono SP102X-POG;2;2023-06-24
642;1811;Srexact Jack Stereo Mini SP110AM-G-C81-BK;1;2023-06-26
643;1621;SREXACT Jack RCA SP116G-C81-BK;4;2023-06-28
644;20;Neutrik Jack NC3FXX;0;2023-07-01
645;682;Krezt Jack Speakon TSC-033;0;2023-07-01
646;843;Focus Jack Mic Male GCA 700/N3P;0;2023-07-01
647;899;D Addario S/G Acc. EJ-10 X-Lite;0;2023-07-01
648;903;D Addario S/G Reguler EXL-120;0;2023-07-01
649;921;Centurion CLED 543X RGBW;0;2023-07-01
650;1621;SREXACT Jack RCA SP116G-C81-BK;0;2023-07-01
651;1809;Srexact Jack Akai Mono SP102X-POG;2;2023-07-01
652;1809;Srexact Jack Akai Mono SP102X-POG;1;2023-07-04
653;1809;Srexact Jack Akai Mono SP102X-POG;1;2023-07-05
654;21;Neutrik Jack NC3MXX;1;2023-07-10
655;1623;SREXACT Jack Male SVP555V-BK-PG;2;2023-07-10
656;21;Neutrik Jack NC3MXX;4;2023-07-12
657;1811;Srexact Jack Stereo Mini SP110AM-G-C81-BK;2;2023-07-12
658;1809;Srexact Jack Akai Mono SP102X-POG;1;2023-07-13
659;21;Neutrik Jack NC3MXX;9;2023-07-14
660;1809;Srexact Jack Akai Mono SP102X-POG;1;2023-07-14
661;1811;Srexact Jack Stereo Mini SP110AM-G-C81-BK;1;2023-07-14
662;1809;Srexact Jack Akai Mono SP102X-POG;6;2023-07-15
663;1811;Srexact Jack Stereo Mini SP110AM-G-C81-BK;1;2023-07-15
664;1809;Srexact Jack Akai Mono SP102X-POG;1;2023-07-17
665;1809;Srexact Jack Akai Mono SP102X-POG;2;2023-07-20
666;1623;SREXACT Jack Male SVP555V-BK-PG;10;2023-07-22
667;1809;Srexact Jack Akai Mono SP102X-POG;6;2023-07-22
668;1811;Srexact Jack Stereo Mini SP110AM-G-C81-BK;2;2023-07-22
669;1623;SREXACT Jack Male SVP555V-BK-PG;2;2023-07-25
670;1809;Srexact Jack Akai Mono SP102X-POG;4;2023-07-25
671;21;Neutrik Jack NC3MXX;3;2023-07-26
672;1623;SREXACT Jack Male SVP555V-BK-PG;1;2023-07-26
673;1809;Srexact Jack Akai Mono SP102X-POG;3;2023-07-27
674;1623;SREXACT Jack Male SVP555V-BK-PG;4;2023-07-28
675;1809;Srexact Jack Akai Mono SP102X-POG;2;2023-07-29
676;682;Krezt Jack Speakon TSC-033;0;2023-08-01
677;843;Focus Jack Mic Male GCA 700/N3P;0;2023-08-01
678;899;D Addario S/G Acc. EJ-10 X-Lite;0;2023-08-01
679;903;D Addario S/G Reguler EXL-120;0;2023-08-01
680;1623;SREXACT Jack Male SVP555V-BK-PG;3;2023-08-02
681;1809;Srexact Jack Akai Mono SP102X-POG;3;2023-08-03
682;1809;Srexact Jack Akai Mono SP102X-POG;2;2023-08-05
683;1811;Srexact Jack Stereo Mini SP110AM-G-C81-BK;1;2023-08-05
684;21;Neutrik Jack NC3MXX;4;2023-08-07
685;1623;SREXACT Jack Male SVP555V-BK-PG;2;2023-08-07
686;20;Neutrik Jack NC3FXX;11;2023-08-08
687;21;Neutrik Jack NC3MXX;11;2023-08-08
688;1809;Srexact Jack Akai Mono SP102X-POG;2;2023-08-08
689;1623;SREXACT Jack Male SVP555V-BK-PG;3;2023-08-09
690;1809;Srexact Jack Akai Mono SP102X-POG;4;2023-08-09
691;1623;SREXACT Jack Male SVP555V-BK-PG;2;2023-08-10
692;1809;Srexact Jack Akai Mono SP102X-POG;6;2023-08-10
693;1811;Srexact Jack Stereo Mini SP110AM-G-C81-BK;3;2023-08-10
694;1623;SREXACT Jack Male SVP555V-BK-PG;4;2023-08-11
695;1809;Srexact Jack Akai Mono SP102X-POG;9;2023-08-11
696;1811;Srexact Jack Stereo Mini SP110AM-G-C81-BK;2;2023-08-11
697;1809;Srexact Jack Akai Mono SP102X-POG;2;2023-08-12
698;20;Neutrik Jack NC3FXX;8;2023-08-14
699;21;Neutrik Jack NC3MXX;8;2023-08-14
700;1623;SREXACT Jack Male SVP555V-BK-PG;4;2023-08-14
701;1809;Srexact Jack Akai Mono SP102X-POG;2;2023-08-14
702;1811;Srexact Jack Stereo Mini SP110AM-G-C81-BK;1;2023-08-14
703;20;Neutrik Jack NC3FXX;2;2023-08-16
704;21;Neutrik Jack NC3MXX;2;2023-08-16
705;20;Neutrik Jack NC3FXX;3;2023-08-18
706;21;Neutrik Jack NC3MXX;1;2023-08-18
707;1621;SREXACT Jack RCA SP116G-C81-BK;4;2023-08-18
708;20;Neutrik Jack NC3FXX;2;2023-08-19
709;921;Centurion CLED 543X RGBW;2;2023-08-19
710;1623;SREXACT Jack Male SVP555V-BK-PG;3;2023-08-21
711;921;Centurion CLED 543X RGBW;4;2023-08-24
712;20;Neutrik Jack NC3FXX;1;2023-08-25
713;21;Neutrik Jack NC3MXX;1;2023-08-25
714;20;Neutrik Jack NC3FXX;2;2023-08-28
715;21;Neutrik Jack NC3MXX;5;2023-08-28
716;20;Neutrik Jack NC3FXX;3;2023-08-29
717;21;Neutrik Jack NC3MXX;3;2023-08-29
718;20;Neutrik Jack NC3FXX;6;2023-08-30
719;21;Neutrik Jack NC3MXX;6;2023-08-30
720;1811;Srexact Jack Stereo Mini SP110AM-G-C81-BK;2;2023-08-30
721;20;Neutrik Jack NC3FXX;1;2023-08-31
722;21;Neutrik Jack NC3MXX;1;2023-08-31
723;921;Centurion CLED 543X RGBW;6;2023-08-31
724;1811;Srexact Jack Stereo Mini SP110AM-G-C81-BK;1;2023-08-31
725;682;Krezt Jack Speakon TSC-033;0;2023-09-01
726;899;D Addario S/G Acc. EJ-10 X-Lite;0;2023-09-01
727;903;D Addario S/G Reguler EXL-120;0;2023-09-01
728;921;Centurion CLED 543X RGBW;6;2023-09-01
729;1621;SREXACT Jack RCA SP116G-C81-BK;0;2023-09-01
730;1809;Srexact Jack Akai Mono SP102X-POG;0;2023-09-01
731;1811;Srexact Jack Stereo Mini SP110AM-G-C81-BK;2;2023-09-01
732;1623;SREXACT Jack Male SVP555V-BK-PG;1;2023-09-05
733;20;Neutrik Jack NC3FXX;6;2023-09-06
734;21;Neutrik Jack NC3MXX;6;2023-09-06
735;20;Neutrik Jack NC3FXX;1;2023-09-07
736;21;Neutrik Jack NC3MXX;1;2023-09-07
737;921;Centurion CLED 543X RGBW;6;2023-09-08
738;20;Neutrik Jack NC3FXX;4;2023-09-09
739;21;Neutrik Jack NC3MXX;4;2023-09-09
740;1811;Srexact Jack Stereo Mini SP110AM-G-C81-BK;1;2023-09-09
741;20;Neutrik Jack NC3FXX;2;2023-09-11
742;21;Neutrik Jack NC3MXX;2;2023-09-11
743;20;Neutrik Jack NC3FXX;1;2023-09-12
744;21;Neutrik Jack NC3MXX;1;2023-09-12
745;20;Neutrik Jack NC3FXX;6;2023-09-14
746;21;Neutrik Jack NC3MXX;3;2023-09-14
747;1811;Srexact Jack Stereo Mini SP110AM-G-C81-BK;1;2023-09-14
748;20;Neutrik Jack NC3FXX;5;2023-09-16
749;21;Neutrik Jack NC3MXX;5;2023-09-16
750;20;Neutrik Jack NC3FXX;6;2023-09-19
751;21;Neutrik Jack NC3MXX;6;2023-09-19
752;20;Neutrik Jack NC3FXX;14;2023-09-21
753;21;Neutrik Jack NC3MXX;14;2023-09-21
754;20;Neutrik Jack NC3FXX;1;2023-09-26
755;21;Neutrik Jack NC3MXX;1;2023-09-26
756;1811;Srexact Jack Stereo Mini SP110AM-G-C81-BK;1;2023-09-26
757;843;Focus Jack Mic Male GCA 700/N3P;3;2023-09-27
758;20;Neutrik Jack NC3FXX;9;2023-09-29
759;21;Neutrik Jack NC3MXX;15;2023-09-29
760;1623;SREXACT Jack Male SVP555V-BK-PG;1;2023-09-29
761;1811;Srexact Jack Stereo Mini SP110AM-G-C81-BK;5;2023-09-29
762;682;Krezt Jack Speakon TSC-033;0;2023-10-01
763;843;Focus Jack Mic Male GCA 700/N3P;0;2023-10-01
764;899;D Addario S/G Acc. EJ-10 X-Lite;0;2023-10-01
765;903;D Addario S/G Reguler EXL-120;0;2023-10-01
766;1623;SREXACT Jack Male SVP555V-BK-PG;1;2023-10-03
767;1811;Srexact Jack Stereo Mini SP110AM-G-C81-BK;2;2023-10-04
768;20;Neutrik Jack NC3FXX;2;2023-10-06
769;21;Neutrik Jack NC3MXX;5;2023-10-06
770;20;Neutrik Jack NC3FXX;3;2023-10-11
771;21;Neutrik Jack NC3MXX;3;2023-10-11
772;1811;Srexact Jack Stereo Mini SP110AM-G-C81-BK;2;2023-10-12
773;20;Neutrik Jack NC3FXX;1;2023-10-16
774;21;Neutrik Jack NC3MXX;1;2023-10-16
775;921;Centurion CLED 543X RGBW;5;2023-10-16
776;1811;Srexact Jack Stereo Mini SP110AM-G-C81-BK;2;2023-10-17
777;1811;Srexact Jack Stereo Mini SP110AM-G-C81-BK;1;2023-10-18
778;20;Neutrik Jack NC3FXX;1;2023-10-20
779;1811;Srexact Jack Stereo Mini SP110AM-G-C81-BK;2;2023-10-20
780;1809;Srexact Jack Akai Mono SP102X-POG;3;2023-10-21
781;921;Centurion CLED 543X RGBW;1;2023-10-23
782;1623;SREXACT Jack Male SVP555V-BK-PG;10;2023-10-23
783;1621;SREXACT Jack RCA SP116G-C81-BK;2;2023-10-26
784;1811;Srexact Jack Stereo Mini SP110AM-G-C81-BK;1;2023-10-26
785;1621;SREXACT Jack RCA SP116G-C81-BK;2;2023-10-27
786;1623;SREXACT Jack Male SVP555V-BK-PG;2;2023-10-28
787;1621;SREXACT Jack RCA SP116G-C81-BK;2;2023-10-30
788;843;Focus Jack Mic Male GCA 700/N3P;0;2023-11-01
789;899;D Addario S/G Acc. EJ-10 X-Lite;0;2023-11-01
790;903;D Addario S/G Reguler EXL-120;0;2023-11-01
791;921;Centurion CLED 543X RGBW;0;2023-11-01
792;1621;SREXACT Jack RCA SP116G-C81-BK;10;2023-11-03
793;1623;SREXACT Jack Male SVP555V-BK-PG;3;2023-11-03
794;1623;SREXACT Jack Male SVP555V-BK-PG;3;2023-11-04
795;1621;SREXACT Jack RCA SP116G-C81-BK;9;2023-11-06
796;1623;SREXACT Jack Male SVP555V-BK-PG;2;2023-11-06
797;1809;Srexact Jack Akai Mono SP102X-POG;8;2023-11-06
798;1811;Srexact Jack Stereo Mini SP110AM-G-C81-BK;1;2023-11-06
799;1623;SREXACT Jack Male SVP555V-BK-PG;5;2023-11-07
800;1809;Srexact Jack Akai Mono SP102X-POG;2;2023-11-10
801;1621;SREXACT Jack RCA SP116G-C81-BK;8;2023-11-11
802;1809;Srexact Jack Akai Mono SP102X-POG;1;2023-11-14
803;1621;SREXACT Jack RCA SP116G-C81-BK;2;2023-11-15
804;1623;SREXACT Jack Male SVP555V-BK-PG;1;2023-11-15
805;1809;Srexact Jack Akai Mono SP102X-POG;2;2023-11-15
806;1809;Srexact Jack Akai Mono SP102X-POG;2;2023-11-18
807;1811;Srexact Jack Stereo Mini SP110AM-G-C81-BK;1;2023-11-18
808;1621;SREXACT Jack RCA SP116G-C81-BK;2;2023-11-20
809;1623;SREXACT Jack Male SVP555V-BK-PG;2;2023-11-21
810;682;Krezt Jack Speakon TSC-033;4;2023-11-22
811;20;Neutrik Jack NC3FXX;5;2023-11-24
812;21;Neutrik Jack NC3MXX;5;2023-11-24
813;1623;SREXACT Jack Male SVP555V-BK-PG;4;2023-11-24
814;1809;Srexact Jack Akai Mono SP102X-POG;2;2023-11-27
815;1809;Srexact Jack Akai Mono SP102X-POG;8;2023-11-28
816;1621;SREXACT Jack RCA SP116G-C81-BK;8;2023-11-30
817;1623;SREXACT Jack Male SVP555V-BK-PG;1;2023-11-30
818;1811;Srexact Jack Stereo Mini SP110AM-G-C81-BK;1;2023-11-30
819;20;Neutrik Jack NC3FXX;0;2023-12-01
820;682;Krezt Jack Speakon TSC-033;0;2023-12-01
821;843;Focus Jack Mic Male GCA 700/N3P;0;2023-12-01
822;921;Centurion CLED 543X RGBW;0;2023-12-01
823;1623;SREXACT Jack Male SVP555V-BK-PG;1;2023-12-01
824;1809;Srexact Jack Akai Mono SP102X-POG;4;2023-12-01
825;1623;SREXACT Jack Male SVP555V-BK-PG;1;2023-12-02
826;1809;Srexact Jack Akai Mono SP102X-POG;4;2023-12-02
827;1623;SREXACT Jack Male SVP555V-BK-PG;3;2023-12-04
828;1809;Srexact Jack Akai Mono SP102X-POG;3;2023-12-04
829;1809;Srexact Jack Akai Mono SP102X-POG;2;2023-12-06
830;1621;SREXACT Jack RCA SP116G-C81-BK;2;2023-12-12
831;1621;SREXACT Jack RCA SP116G-C81-BK;4;2023-12-13
832;1809;Srexact Jack Akai Mono SP102X-POG;2;2023-12-14
833;1621;SREXACT Jack RCA SP116G-C81-BK;2;2023-12-15
834;1621;SREXACT Jack RCA SP116G-C81-BK;6;2023-12-16
835;1809;Srexact Jack Akai Mono SP102X-POG;16;2023-12-16
836;1623;SREXACT Jack Male SVP555V-BK-PG;4;2023-12-18
837;1809;Srexact Jack Akai Mono SP102X-POG;2;2023-12-18
838;1811;Srexact Jack Stereo Mini SP110AM-G-C81-BK;1;2023-12-18
839;1623;SREXACT Jack Male SVP555V-BK-PG;3;2023-12-20
840;1809;Srexact Jack Akai Mono SP102X-POG;5;2023-12-20
841;899;D Addario S/G Acc. EJ-10 X-Lite;2;2023-12-21
842;1623;SREXACT Jack Male SVP555V-BK-PG;2;2023-12-21
843;1623;SREXACT Jack Male SVP555V-BK-PG;6;2023-12-22
844;903;D Addario S/G Reguler EXL-120;1;2023-12-23
845;1809;Srexact Jack Akai Mono SP102X-POG;6;2023-12-23
846;899;D Addario S/G Acc. EJ-10 X-Lite;1;2023-12-26
847;1623;SREXACT Jack Male SVP555V-BK-PG;9;2023-12-26
848;899;D Addario S/G Acc. EJ-10 X-Lite;2;2023-12-27
849;1811;Srexact Jack Stereo Mini SP110AM-G-C81-BK;1;2023-12-27
850;21;Neutrik Jack NC3MXX;2;2023-12-28
851;899;D Addario S/G Acc. EJ-10 X-Lite;1;2023-12-28
852;903;D Addario S/G Reguler EXL-120;1;2023-12-28
853;1621;SREXACT Jack RCA SP116G-C81-BK;2;2023-12-29
854;1623;SREXACT Jack Male SVP555V-BK-PG;1;2023-12-30
855;1809;Srexact Jack Akai Mono SP102X-POG;1;2023-12-30
856;20;Neutrik Jack NC3FXX;0;2024-01-01
857;21;Neutrik Jack NC3MXX;0;2024-01-01
858;682;Krezt Jack Speakon TSC-033;0;2024-01-01
859;843;Focus Jack Mic Male GCA 700/N3P;0;2024-01-01
860;921;Centurion CLED 543X RGBW;0;2024-01-01
861;903;D Addario S/G Reguler EXL-120;1;2024-01-06
862;1621;SREXACT Jack RCA SP116G-C81-BK;2;2024-01-06
863;1623;SREXACT Jack Male SVP555V-BK-PG;4;2024-01-06
864;899;D Addario S/G Acc. EJ-10 X-Lite;1;2024-01-12
865;1809;Srexact Jack Akai Mono SP102X-POG;2;2024-01-12
866;1811;Srexact Jack Stereo Mini SP110AM-G-C81-BK;1;2024-01-12
867;899;D Addario S/G Acc. EJ-10 X-Lite;1;2024-01-13
868;1621;SREXACT Jack RCA SP116G-C81-BK;2;2024-01-13
869;1621;SREXACT Jack RCA SP116G-C81-BK;2;2024-01-17
870;1809;Srexact Jack Akai Mono SP102X-POG;2;2024-01-17
